NEWID,STATE,PSU,st_wgt,CALADJ45
04735544,06,S49A,23802.814848,1.6313659046
04735724,06,S49A,27782.722826,1.1377321019
04735754,06,S49E,7396.9349957,0.7160173115
04735804,06,S49E,11154.80437,1.5355827473
04735814,06,,14671.68902,0.6783620311
04735864,06,S49C,21949.305926,1.1389115136
04736004,06,S49E,18535.906679,1.202574199
04736084,06,S49A,40913.58257,1.4220999964
04736254,06,S49C,15484.092735,1.2217411706
04736264,06,S49A,25576.012189,0.9793629542
04736504,06,S49A,30817.923042,1.3491077421
04737474,06,S49A,39024.731312,0.9793629542
04737554,06,,25246.409955,0.6423580983
04737654,06,S49A,25211.721372,0.9654134406
04737904,06,,35640.169182,0.9016756475
04737994,06,,37024.702406,0.9314168682
04738074,06,S49C,15723.529271,0.8848343238
04739524,06,S49B,15530.934746,0.7152663353
04740364,06,S49B,20703.334655,1.3096397652
04740484,06,S49A,16775.148051,0.6423580983
04740514,06,S49A,19862.976037,0.7520212442
04740674,06,S49A,37022.889076,1.4257896209
04740724,06,S49C,24144.628909,1.3434063947
04741374,06,S49A,21036.659372,1.0909706652
04741384,06,,26661.461852,0.6783620311
04741644,06,S49A,32133.651216,1.2375000312
04743594,06,,36191.545975,0.9156251611
04743824,06,S49A,27132.081812,1.0272328721
04743864,06,,30616.968374,0.7790041284
04743964,06,S49A,24381.424843,1.2644317146
04744034,06,S49C,31312.510256,2.0144766573
04744104,06,S49C,29292.530559,1.6523761301
04744334,06,S49B,9337.8719171,0.7060958914
04744554,06,S49A,30878.854978,1.2645220123
04744784,06,S49A,35405.056985,1.3634852394
04745344,06,S49A,16618.323807,0.8618337853
04746114,06,S49A,17383.569833,0.6581498054
04746284,06,,33229.135346,0.8359331788
04746814,06,S49B,21044.649572,0.8618337853
04747024,06,,17445.268201,0.6423580983
04747544,06,S49A,46231.642085,1.7133033254
04747624,06,S49A,31088.17782,1.7952396857
04747674,06,S49E,8707.5227131,0.900664115
04747774,06,S49B,21294.523069,1.6158828849
04747854,06,S49B,13745.247981,1.0430245792
04747904,06,S49B,12322.747788,1.0928128586
04748234,06,,33461.454264,1.4319713061
04748594,06,S49A,23204.142144,1.1560286782
04748774,06,S49A,37094.431576,1.663515046
04748854,06,S49E,7174.5403939,0.7420998242
04749334,06,S49A,45610.776088,1.6902945866
04749754,06,S49E,7887.1573397,1.0272709562
04749884,06,S49B,19174.968019,0.8369263219
04750344,06,S49A,39748.922259,2.142326092
04750744,06,,58067.635037,1.4721641168
04751164,06,S49B,27593.101497,1.4579335246
04751634,06,S49E,11882.900797,0.8157590373
04751674,06,S49A,24704.214414,0.9793629542
04751714,06,S49B,18472.694503,0.7797551046
04751824,06,S49E,10676.363386,0.7900078261
04752064,06,,25705.654124,1.2783431442
04752124,06,,20477.363293,0.7540038934
04752154,06,S49C,12951.995827,0.6783620311
04752734,06,,39342.972578,0.9365752761
04752774,06,S49A,21858.281209,0.7790041284
04752804,06,,28646.465825,0.6783620311
04753194,06,,17618.12743,0.85176297
04753334,06,S49A,25744.52581,0.9175054387
04753414,06,S49A,20200.867952,0.8537676456
04754334,06,S49E,9656.4618982,0.6423580983
04754584,06,S49E,21408.620691,1.6643785534
04755044,06,S49A,34722.001563,1.2867663371
04755694,06,S49A,9721.4813876,0.6783620311
04755874,06,,27739.802494,0.7790041284
04755884,06,S49B,28121.22243,1.4858377895
04756014,06,S49E,11246.148691,0.9413632855
04756354,06,,47620.944943,1.2004749659
04756704,06,S49E,12335.950421,0.8249294811
04756924,06,S49A,24312.4918,0.900664115
04756974,06,S49A,11901.527369,0.7790041284
04757224,06,S49E,8498.7269273,1.4220671499
04757614,06,S49A,32946.648917,1.902560259
04757814,06,S49B,13926.880646,1.2006939215
04758064,06,S49A,13396.535628,0.900664115
04758154,06,,55362.41859,1.310459439
04758164,06,S49C,14507.717814,1.0621926112
04758174,06,,28809.653834,0.6783620311
04758364,06,,31590.361119,0.7520212442
04758384,06,S49E,6401.0656229,0.7797551046
04758664,06,S49E,14408.080577,1.0751737205
04758904,06,,50633.189749,1.3602424809
04759034,06,S49C,14190.34923,0.7420998242
04759134,06,S49E,10719.611923,0.7999292461
04759384,06,S49E,15889.650654,1.1857328753
04759844,06,S49B,29180.533509,1.3621227584
04760004,06,,39985.216732,1.0621926112
04760024,06,S49E,15485.1537,1.0272709562
04760074,06,S49A,20679.384982,1.2786754586
04760194,06,S49A,27643.028088,1.1051537586
04760674,06,S49B,19390.260761,1.5216713177
04760814,06,S49B,22904.144284,1.0691461889
04761274,06,,34842.492858,0.9413632855
04761344,06,S49A,28903.533725,1.0272709562
04761824,06,S49A,27265.170977,1.1086374122
04761904,06,S49B,36703.817472,1.7133033254
04762224,06,S49A,16445.36278,0.5844905923
04762294,06,,31603.01521,0.7420998242
04762534,06,S49B,30505.696967,1.4239802739
04762684,06,S49A,16756.634533,0.6783620311
04762714,06,,38815.856441,1.025288307
04762734,06,S49A,27643.028088,1.1051537586
04762924,06,S49A,31579.990175,1.2625514371
04763004,06,S49E,8207.0577142,0.9472085753
04763074,06,S49C,14546.658397,1.4239093434
04763444,06,,32246.451013,0.85176297
04763544,06,,34921.811343,1.536789969
04763664,06,S49A,24978.438571,0.8618337853
04764494,06,S49C,13412.258572,0.7880251769
04764604,06,,21697.174918,0.7160173115
04764764,06,S49E,25138.767716,1.964412537
04765844,06,S49A,20409.387225,0.726270033
04766274,06,S49A,29672.373564,1.4011846458
04766584,06,S49A,34316.470386,1.3953524428
04766804,06,,35464.140094,1.5695464732
04766824,06,S49E,14541.104738,1.0851003781
04766984,06,,18032.089925,0.6783620311
04767174,06,S49A,25341.294296,0.900664115
04767274,06,,29833.435074,0.7880251769
04767614,06,S49B,17548.964553,0.8407211882
04768244,06,S49B,20861.329228,1.5197910402
04768314,06,S49A,38746.903438,1.5351147002
04768854,06,S49C,21593.95121,1.2475903909
04769604,06,,46403.773248,1.2537222472
04769874,06,S49C,29705.505216,1.7750857333
04815283,06,S49A,35948.418318,1.4721260327
04815284,06,S49A,41448.187666,1.6370724312
04815383,06,S49A,40218.760087,1.7606456002
04815384,06,S49A,31312.414971,2.3287141584
04815783,06,S49E,14825.962078,1.4857668589
04815784,06,S49E,16904.079454,1.7870294631
04815933,06,S49C,15936.398136,0.8269121303
04815934,06,S49C,16744.807472,0.9366251582
04816023,06,S49A,23520.79613,0.900664115
04816024,06,S49A,22397.718481,0.8275079814
04816283,06,S49C,18281.051108,0.9485721169
04816513,06,S49E,17218.599669,1.2167995536
04816514,06,S49E,17065.03014,1.2174127658
04816694,06,,57003.640841,1.4875264127
04816913,06,,57531.321915,1.4721641168
04816914,06,,55165.389171,1.5678856631
04817023,06,,35398.53477,0.900664115
04817024,06,,33708.315486,0.8275079814
04817054,06,S49C,29489.360149,1.7117044684
04817353,06,,57531.321915,1.4721641168
04817354,06,,55165.389171,1.5678856631
04817433,06,,70650.228701,1.8019022975
04817434,06,,78856.742842,2.1769342475
04817893,06,S49A,16775.148051,0.6423580983
04817894,06,S49A,16373.878269,0.6049506768
04817964,06,S49E,9756.1293429,0.6727928713
04818023,06,,15959.302985,0.7420998242
04818024,06,,31934.350621,0.783958784
04818063,06,S49E,8477.3282003,1.1101006131
04818064,06,S49E,16546.043047,1.1803884238
04818243,06,S49C,15489.472887,0.8618337853
04818244,06,S49C,16636.458822,0.9344527462
04818814,06,S49E,11190.255265,0.7983085585
04819203,06,S49A,28028.191697,1.504829994
04819204,06,S49A,30112.141314,1.2880200121
04819643,06,S49E,11334.278977,1.1358518243
04819644,06,S49E,11340.61371,1.1988828427
04819743,06,,13892.991982,0.6423580983
04819744,06,,24056.677747,0.6049506768
04819963,06,S49E,15721.044867,1.130061222
04819964,06,S49E,14959.411523,1.1943480438
04820104,06,S49C,9262.9997172,0.9117958589
04820233,06,,15271.520019,0.7060958914
04820234,06,,14845.020966,0.7161165895
04820713,06,S49A,17715.388866,0.6783620311
04820714,06,S49A,18210.126871,0.6727928713
04821223,06,S49C,11414.720349,0.6423580983
04821224,06,S49C,11141.674631,0.6049506768
04821363,06,S49E,12790.180869,0.9193846557
04821453,06,S49E,10899.171721,0.7790041284
04821454,06,S49E,5918.7235482,0.8066156714
04821483,06,S49A,32940.23833,1.2685625323
04821504,06,S49A,22081.228583,0.8439536644
04821913,06,S49A,15729.886737,0.8157590373
04821914,06,S49A,24396.981334,0.9324626897
04821933,06,S49A,26603.848419,1.8233394462
04821934,06,S49A,22985.576906,1.8575358417
04822503,06,S49A,19379.89799,0.7420998242
04822593,06,,52723.838294,1.3491458262
04822623,06,S49B,14237.940395,0.6423580983
04822624,06,S49B,7032.3033712,0.6049506768
04823003,06,S49A,26860.671672,1.4421459946
04823004,06,S49A,35595.229148,1.5225542083
04823053,06,S49A,14266.621452,0.9156251611
04823054,06,S49A,18534.414107,0.8113759494
04823073,06,S49A,26809.799243,0.9465894677
04823074,06,S49A,22943.181706,0.9326881689
04823093,06,S49B,33533.581682,1.3732884237
04823094,06,S49B,16971.110272,1.4937537464
04823253,06,S49A,29983.700701,1.1547032207
04823263,06,S49C,15171.473579,0.8537676456
04823264,06,S49C,13556.213034,0.7360509547
04823533,06,S49E,22162.97876,1.4378917035
04823563,06,,37024.702406,0.9314168682
04823564,06,,33931.545386,0.8617191433
04823593,06,S49E,20030.848793,2.5899879558
04823594,06,S49E,17153.614964,2.8702642821
04823763,06,S49E,14208.682656,1.0213494982
04823764,06,S49E,17219.90846,1.3748244008
04824273,06,,26661.461852,0.6783620311
04824274,06,,24642.503427,0.6049506768
04824473,06,,35362.989906,0.8249294811
04824474,06,,22220.496975,0.9117958589
04824524,06,S49A,23837.76456,2.1369597044
04824633,06,,71099.930288,0.6482283854
04824634,06,,70249.142949,0.6179558777
04824663,06,,22868.467568,0.7880251769
04824664,06,,16480.884557,0.8891389715
04824703,06,S49B,39082.415259,1.6005277621
04824704,06,S49B,28949.107415,1.3264062665
04824743,06,S49C,6245.8915755,0.6423580983
04824744,06,S49C,11141.674631,0.6049506768
04824903,06,,36265.866945,0.9175054387
04824904,06,,34707.74856,0.8472168674
04825603,06,,25246.409955,0.6423580983
04825604,06,,24642.503427,0.6049506768
04825653,06,S49A,13806.615307,0.7160173115
04825654,06,S49A,19713.407934,0.7534545825
04825873,06,S49A,21310.145098,1.1051537586
04825874,06,S49A,12023.558744,0.9762373663
04825914,06,S49A,24065.346926,2.157361548
04826363,06,S49A,13902.273368,0.9753348606
04826364,06,S49A,12495.602453,1.0145643473
04826413,06,S49E,13393.809738,1.2965099253
04828273,06,,56202.724028,1.6752224445
04828274,06,,82704.342275,2.5758727631
04828573,06,S49A,23908.844978,0.8249294811
04828574,06,S49A,25298.512037,0.9117958589
04828683,06,S49B,17746.604951,0.8359331788
04828684,06,S49B,16353.319019,1.0191484584
04828783,06,S49B,20309.689807,0.9480392363
04828874,06,,16969.870689,0.7163420687
04829023,06,,44635.770864,1.1857328753
04829024,06,,44826.556156,1.107112165
04829903,06,S49A,20124.899395,0.7152663353
04829904,06,S49A,19105.750355,0.6954497587
04829993,06,S49B,35704.429598,1.8870772393
04829994,06,S49B,36373.981729,2.008812484
04830483,06,S49B,19976.780049,1.5676990421
04830484,06,S49B,31597.497061,1.401897467
04830493,06,,53923.549423,1.4568891456
04830494,06,,60265.611824,1.5079282562
04830913,06,,25138.791117,0.6640200925
04830914,06,,15308.200241,0.6682990717
04831163,06,S49B,22517.200363,1.0787352945
04831164,06,S49B,16514.07198,1.1587269547
04831173,06,,38249.45398,1.0103272608
04831174,06,,23910.74293,1.0438540816
04831683,06,S49C,7100.8223722,0.9354929985
04831733,06,S49E,11186.464261,0.7420998242
04831734,06,S49E,11538.680455,0.783958784
04832363,06,S49E,9465.8066381,0.7152663353
04832364,06,S49E,5047.1604129,0.8066156714
04832443,06,S49E,10239.247216,1.7133033254
04832444,06,S49E,22407.789376,1.787656116
04832723,06,,25001.490095,1.0213823447
04832724,06,,19766.68984,1.0249066698
04832764,06,S49B,27390.41507,1.2152403538
04832953,06,S49C,12987.524479,0.6783620311
04832954,06,S49C,12577.045542,0.6727928713
04833383,06,S49A,28539.879408,1.1219950823
04833384,06,S49A,27611.113082,0.9959462523
04833433,06,,30460.285984,0.7152663353
04833434,06,,28917.740573,0.6954497587
04833513,06,S49A,35855.552396,1.4579335246
04833514,06,S49A,15247.018741,1.1965629855
04833803,06,,29899.428395,0.7060958914
04833804,06,,29608.427384,0.7161165895
04834463,06,,33078.021775,0.8886291901
04834464,06,,43897.277907,1.0921485397
04834873,06,S49E,17977.68566,1.505281037
04834874,06,S49E,20549.345243,1.7978885803
04834983,06,S49E,10225.676344,0.6783620311
04834984,06,S49E,9902.4873664,0.6727928713
04835133,06,S49E,8898.3341159,0.6640200925
04835134,06,S49E,5418.6169821,0.6682990717
04835183,06,,38851.505154,0.9175054387
04835184,06,,35028.875837,0.8472168674
04835364,06,S49A,32954.445955,1.5446972649
04835383,06,S49C,13496.411808,0.7797551046
04835384,06,S49C,11139.154934,0.8646204952
04835453,06,,24700.045994,1.0931569178
04835533,06,,34822.463764,0.9354929985
04835534,06,,20886.261041,1.0829566519
04835753,06,S49A,21848.232771,1.0851003781
04835754,06,S49A,32819.676676,1.2198988288
04836163,06,,42258.3344,1.1417221114
04836164,06,,48434.117544,1.2118880436
04836663,06,,45198.965022,1.2006939215
04836664,06,,44173.376235,1.090980133
04836904,06,S49A,23275.173748,0.8472168674
04837423,06,S49A,19866.877661,0.7060958914
04837424,06,S49A,19673.520069,0.7161165895
04837513,06,S49A,10687.512558,0.6961363873
04837514,06,S49A,21358.644204,0.7479653646
04837613,06,S49A,22723.326112,1.405059167
04837614,06,S49A,26186.733237,1.5595132515
04837873,06,,55061.988846,1.4876471365
04837874,06,,72852.536809,1.8228703811
04838013,06,S49B,26832.020722,1.2854461171
04838014,06,S49B,17324.872791,1.6019165042
04838063,06,S49A,42192.871244,1.992425824
04838064,06,S49A,46857.32304,2.4995956709
04838203,06,,46632.298645,1.1101006131
04838204,06,,44444.4924,1.1803884238
04838323,06,S49A,36063.997697,1.3760341879
04838324,06,S49A,27809.323386,1.2317772505
04838533,06,S49A,44148.992225,1.83886055
04838534,06,S49A,56705.235766,2.0834445211
04838553,06,S49C,8329.6667128,0.6783620311
04838554,06,S49C,12481.548241,0.6727928713
04838663,06,S49E,8016.2488467,0.9793629542
04838664,06,S49E,13475.311838,0.9225418621
04838703,06,S49B,17296.378611,0.726270033
04839443,06,S49A,20069.845751,0.7152663353
04839444,06,S49A,18960.680706,0.6954497587
04839753,06,S49B,23323.876361,0.9793629542
04839754,06,S49B,18777.343134,0.9225418621
04839913,06,,49054.069411,1.2366025574
04839914,06,,44083.956893,1.0281247146
04840263,06,,47830.342185,1.1688915517
04840264,06,,36978.286926,1.087403279
04840493,06,S49A,15651.470093,0.7797551046
04840494,06,S49A,9843.6765602,0.7534545825
04840683,06,S49A,32374.837883,1.1598888926
04840684,06,S49A,33680.757695,1.3462388287
04840973,06,S49C,23832.788721,1.3363841195
04840974,06,S49C,28357.940962,1.471096859
04841324,06,S49A,22544.593495,0.9575174683
04841333,06,S49C,13656.611316,0.7152663353
04841334,06,S49C,12901.875276,0.6954497587
04841343,06,S49E,13539.533061,0.900664115
04841344,06,S49E,12087.178431,0.8275079814
04841913,06,S49C,11267.112953,0.8249294811
04841914,06,S49C,15522.307057,0.9117958589
04842013,06,,29721.163098,1.2647023179
04842014,06,,36449.976346,1.0666912898
04842153,06,S49C,12951.995827,0.6783620311
04842154,06,S49C,10978.61479,0.6727928713
04842263,06,S49A,25271.970691,0.900664115
04842264,06,S49A,16866.157827,0.7163420687
04842553,06,,72113.158581,1.9844595957
04842563,06,S49A,15102.693387,0.8369263219
04842583,06,,66022.394757,1.8271996606
04842584,06,,93652.765982,2.2863679318
04842674,06,,34257.047322,1.0025162608
04843023,06,S49E,13840.946849,0.9255715784
04843024,06,S49E,13711.460681,1.0229617716
04843083,06,S49B,20939.44358,0.9413252015
04843084,06,S49B,18340.834984,1.1651486209
04843093,06,S49A,24339.797069,0.9016756475
04843094,06,S49A,21513.848721,0.8660604416
04843263,06,,31338.041161,0.7420998242
04843264,06,,32167.30397,0.783958784
04843303,06,S49A,38210.468705,1.4579335246
04843304,06,S49A,22191.800191,1.1965629855
04843334,06,S49A,25536.065468,0.9366251582
04843563,06,S49B,14052.598386,0.9175054387
04843564,06,S49B,19604.851928,0.8472168674
04843613,06,,35342.457538,0.8369263219
04843823,06,S49E,24682.224858,1.9188796091
04843824,06,S49E,29343.898085,2.0123893381
04843923,06,S49A,23183.211199,0.8526633415
04844703,06,S49C,14570.337616,1.9195591878
04844793,06,S49A,19034.338198,0.6783620311
04844794,06,S49A,16134.244455,0.6727928713
04845063,06,,62460.274174,1.5835288333
04845243,06,S49A,32128.586512,1.2258772258
04845413,06,,31338.041161,0.7420998242
04845414,06,,32167.30397,0.783958784
04845533,06,S49B,27593.101497,1.4579335246
04845534,06,S49B,28362.891847,1.1965629855
04845653,06,S49A,30843.764303,1.1430423313
04845823,06,S49E,11271.235083,1.5835288333
04845993,06,S49E,18708.897132,1.3324133236
04845994,06,S49E,10758.328818,1.0827377201
04847163,06,S49A,13760.233386,0.900664115
04847164,06,S49A,22561.10441,0.8275079814
04847303,06,S49A,17558.712412,0.7420998242
04847304,06,S49A,18458.182423,0.783958784
04847323,06,S49A,46547.980343,1.7760541377
04847324,06,S49A,45144.494614,1.9996157648
04847333,06,S49A,32304.552297,1.2325912607
04847334,06,S49A,19419.527048,1.2677559598
04847573,06,S49E,7699.8986644,0.7160173115
04847574,06,S49E,10099.070337,0.7534545825
04847753,06,S49B,17002.381241,0.7420998242
04847754,06,S49B,14875.935622,0.783958784
04847934,06,S49E,12375.060636,0.8472168674
04848113,06,S49E,5478.9769164,0.7697575164
04848114,06,S49E,6345.2898484,0.9656560384
04848123,06,,22859.34049,1.1051537586
04848124,06,,36967.103686,0.9762373663
04848213,06,S49A,10787.644469,0.7060958914
04848214,06,S49A,19524.139354,0.7161165895
04848233,06,S49B,17847.902327,0.7790041284
04848234,06,S49B,7636.892147,0.8066156714
04848593,06,S49A,21995.371724,0.7880251769
04848594,06,S49A,11616.355725,0.8891389715
04849683,06,,32245.518252,0.7880251769
04849684,06,,30923.819335,0.821296777
04849903,06,S49A,13626.567054,0.8776254924
04849904,06,S49A,18264.307853,0.9847959401
04894962,06,,28928.381953,1.3099265584
04894963,06,,22241.577491,1.3173347095
04894964,06,,43131.444971,1.4094398327
04895072,06,S49A,37183.406337,1.4319713061
04895073,06,S49A,22110.011963,1.2644001238
04895074,06,S49A,18020.932944,1.4191006223
04895102,06,S49B,19130.16563,1.1688915517
04895332,06,,40142.411811,1.0213823447
04895333,06,,27126.204143,1.0249066698
04895334,06,,25482.021739,0.8564642377
04895382,06,S49A,36281.518961,1.4857668589
04895383,06,S49A,45244.871966,1.7870294631
04895384,06,S49A,48124.339547,1.7534358064
04895462,06,S49B,16113.583676,0.7420998242
04895463,06,S49B,15221.818568,0.783958784
04895464,06,S49B,13289.927998,0.7220279772
04895984,06,S49A,20629.628589,0.7497317142
04896122,06,S49A,19550.075511,0.6902661003
04896123,06,S49A,19309.864454,0.7349601637
04896124,06,S49A,18219.472352,0.6638361273
04896154,06,S49A,19867.332164,0.7220279772
04896372,06,S49E,5467.8951391,0.7160173115
04896373,06,S49E,4971.6352589,0.7534545825
04896374,06,S49E,9145.006235,0.6203458785
04897002,06,S49B,28173.649819,1.2783431442
04897003,06,S49B,24141.536036,1.2166483216
04897004,06,S49B,23584.648352,1.153789975
04897012,06,S49B,15035.971664,0.6783620311
04897013,06,S49B,7820.9410427,0.6727928713
04897014,06,S49B,15021.101881,0.6431843315
04897142,06,S49C,20776.946985,1.1560286782
04897212,06,S49A,15195.10813,0.7880251769
04897213,06,S49A,23263.458293,0.8891389715
04897214,06,S49A,22424.25122,0.8149527382
04897262,06,S49A,45856.577083,1.7601617107
04897263,06,S49A,47859.298995,1.9884106404
04897264,06,S49A,51107.535647,2.0559053123
04897294,06,S49E,12199.331133,0.8275341311
04897392,06,S49A,23807.20492,1.2346524098
04897393,06,S49A,33376.775119,1.2756741121
04897394,06,S49A,33625.529091,1.3935525047
04897462,06,S49B,20143.503477,0.8249294811
04897463,06,S49B,17703.98064,0.9117958589
04897464,06,S49B,16407.003776,0.8426564752
04897642,06,,29370.984978,1.3299683795
04897643,06,,43963.694078,1.2067954498
04897644,06,,31631.935309,1.3993959365
04897672,06,S49E,5467.8951391,0.7160173115
04897673,06,S49E,10561.51662,0.7534545825
04897702,06,S49A,10220.828658,0.7152663353
04897703,06,S49A,18823.368792,0.6954497587
04897704,06,S49A,18460.165707,0.6708880686
04897882,06,S49B,27807.029921,1.1387710579
04898422,06,S49A,21355.290438,0.7540038934
04898772,06,S49C,14162.933526,0.7880251769
04898773,06,S49C,15829.718459,0.8891389715
04898774,06,S49C,15258.676462,0.8149527382
04898782,06,,24430.181148,1.1388364059
04898783,06,,39993.017086,1.0156551384
04898784,06,,47939.454742,1.1576420534
04898962,06,S49A,18439.657175,0.7060958914
04898963,06,S49A,19382.746912,0.7161165895
04899072,06,S49E,3838.9369079,0.6423580983
04899073,06,S49E,7414.4176614,0.6049506768
04899074,06,S49E,6342.3509743,0.5458809017
04899402,06,S49A,23520.79613,0.900664115
04899403,06,S49A,18930.613691,0.8275079814
04899404,06,S49A,22184.838397,1.0229831402
04899443,06,S49E,13377.724579,0.9225418621
04899444,06,S49E,12199.331133,0.8275341311
04899672,06,S49C,8424.9504913,0.7889255484
04899674,06,S49C,22488.757768,1.2041806405
04899922,06,S49B,8971.1012858,0.6783620311
04899923,06,S49B,13063.353877,0.6727928713
04899924,06,S49B,11838.701166,0.6431843315
04900002,06,S49E,11997.514394,0.847837248
04900003,06,S49E,15157.29619,1.0813157507
04900004,06,S49E,12327.025198,0.9535597596
04900082,06,S49A,23520.79613,0.900664115
04900083,06,S49A,22397.718481,0.8275079814
04900112,06,,21336.138381,0.7310580424
04900113,06,,29534.060761,0.7457929526
04900114,06,,29170.024956,0.7987129975
04900452,06,S49E,10899.171721,0.7790041284
04900453,06,S49E,11696.685794,0.8066156714
04900533,06,S49E,11463.899229,1.9182207692
04900534,06,S49E,18052.943826,1.6666186777
04900702,06,S49C,7293.9217621,0.7520212442
04900743,06,S49A,28450.851484,1.087403279
04900872,06,S49A,28003.170265,1.0602126743
04900873,06,S49A,24017.582374,0.9179619049
04900874,06,S49A,27766.056904,1.0090871656
04901012,06,S49A,14500.861718,0.7520212442
04901013,06,S49A,21488.433113,0.821296777
04901014,06,S49A,17316.418014,0.7176493084
04901332,06,,40395.471011,1.441092201
04901333,06,,41407.110173,1.1768540994
04901612,06,S49A,19148.708508,1.3434063947
04901613,06,S49A,37740.464848,1.4424561334
04901614,06,S49A,42269.22488,1.5361681521
04901642,06,S49A,19379.89799,0.7420998242
04901643,06,S49A,21218.995514,0.783958784
04901644,06,S49A,19867.332164,0.7220279772
04901672,06,S49B,10354.731077,0.8537676456
04901673,06,S49B,8556.2903041,0.7360509547
04901674,06,S49B,19022.731635,0.8145289891
04901742,06,S49B,32385.933987,1.3262892302
04901912,06,S49C,13187.133448,0.7420998242
04902212,06,S49A,16775.148051,0.6423580983
04902213,06,S49A,15894.079907,0.6049506768
04902214,06,S49A,14982.104146,0.5458809017
04902302,06,S49E,8987.3351952,0.6423580983
04902303,06,S49E,8772.3537223,0.6049506768
04902304,06,S49E,8047.2594766,0.5458809017
04902462,06,,26860.060113,0.9255715784
04902463,06,,19381.357651,1.0456186589
04902464,06,,39307.75947,0.9492038579
04903462,06,,26661.461852,0.6783620311
04903463,06,,27406.037009,0.6727928713
04903712,06,S49E,12715.07063,0.8249294811
04903932,06,S49C,12905.837641,0.726270033
04903933,06,S49C,14785.606515,0.8028023582
04903934,06,S49C,14251.111385,0.7611395572
04904052,06,S49E,8987.3351952,0.6423580983
04904053,06,S49E,8772.3537223,0.6049506768
04904054,06,S49E,8047.2594766,0.5458809017
04904402,06,,29332.680057,0.7420998242
04904403,06,,16251.382465,0.783958784
04904404,06,,30070.441972,0.7220279772
04904702,06,S49A,22497.432876,0.85176297
04904703,06,S49A,32405.353744,1.2799090678
04904704,06,S49A,33947.892503,1.2369094481
04904803,06,S49A,16838.382946,0.7360509547
04904952,06,S49A,18679.142835,0.7152663353
04904953,06,S49A,18823.368792,0.6954497587
04904954,06,S49A,18460.165707,0.6708880686
04904993,06,,28328.959233,0.6954497587
04905102,06,S49B,30218.64098,1.2375328776
04905103,06,S49B,25997.678405,1.1911760545
04905104,06,S49B,14640.15089,1.0343878464
04905212,06,S49C,13784.740451,0.7152663353
04905213,06,S49C,12433.119282,0.6954497587
04905214,06,S49C,12529.215931,0.6708880686
04905662,06,S49A,20258.145171,0.7152663353
04905663,06,S49A,18271.793817,0.6954497587
04905664,06,S49A,18413.018083,0.6708880686
04905782,06,S49A,36840.299899,1.4140803658
04905834,06,S49B,28953.764951,1.1857328753
04906213,06,,34045.790674,0.8646204952
04906214,06,,28954.342536,0.6991895241
04906243,06,S49B,18955.215977,0.9762373663
04906244,06,S49B,27000.916421,1.4168630642
04906762,06,,49169.290742,1.328440111
04906802,06,S49B,19384.860204,0.7880251769
04906803,06,S49B,20938.608547,0.8891389715
04907152,06,S49C,12971.562331,0.6783620311
04907153,06,S49C,10972.997302,0.6727928713
04907154,06,S49C,12058.700723,0.6431843315
04907512,06,S49A,33841.368684,1.3760341879
04907562,06,S49C,13412.258572,0.7880251769
04907563,06,S49C,16277.175434,0.8891389715
04907564,06,S49C,13563.130502,0.8149527382
04907672,06,S49E,11054.632575,0.8249294811
04907673,06,S49E,7392.9064614,0.9117958589
04907674,06,S49E,11041.898307,0.8426564752
04907842,06,S49E,8112.2455244,0.7520212442
04908062,06,S49C,14373.031962,1.4239474274
04908063,06,S49C,23258.05639,1.6425177003
04908064,06,S49C,26316.887658,1.6523378012
04908112,06,S49A,23953.53571,0.9576497892
04908113,06,S49A,22582.058096,1.19447172
04908114,06,S49A,27057.645259,1.1062706636
04908232,06,,39985.216732,1.0621926112
04908233,06,,42529.44904,1.050378937
04908234,06,,34901.54924,0.9481626292
04908503,06,S49E,13142.339355,0.9117958589
04908633,06,S49A,10687.512558,0.6961363873
04908634,06,S49A,21358.644204,0.7479653646
04908722,06,,32483.378545,0.8776254924
04908832,06,S49A,16921.97079,0.9635331631
04908833,06,S49A,25862.220685,0.9413854363
04908834,06,S49A,25033.795522,0.8666457111
04908862,06,,32246.451013,0.85176297
04908863,06,,41974.029244,1.0003048842
04908864,06,,37273.913934,0.8937963838
04908903,06,,40980.852717,1.0253971362
04908904,06,,35782.692225,0.8731779743
04908912,06,,29833.435074,0.7880251769
04908913,06,,25442.369347,0.8891389715
04908914,06,,30169.025678,0.8149527382
04909112,06,,32810.492589,1.5652963591
04909113,06,,62918.723368,1.9485385697
04909114,06,,82880.496877,1.9601043809
04909332,06,S49E,9392.1653423,1.083986474
04909333,06,S49E,10936.136677,1.1923579873
04909334,06,S49E,15485.859791,1.190372878
04909472,06,S49B,7375.4710225,0.7790041284
04909473,06,S49B,19549.680207,0.8066156714
04909474,06,S49B,18455.645178,0.7497317142
04909513,06,S49E,6909.837379,0.8066156714
04909514,06,S49E,17748.156446,1.3544409247
04909703,06,,57000.54689,1.4181531752
04909872,06,,52285.578229,1.3324133236
04910014,06,S49A,30827.649194,1.1062706636
04910112,06,S49E,10956.272195,1.3621227584
04910113,06,S49E,17318.444965,1.2172749746
04910114,06,S49E,14374.977688,1.2225897244
04910272,06,S49A,20124.899395,0.7152663353
04910273,06,S49A,19105.750355,0.6954497587
04910274,06,S49A,19379.170186,0.6708880686
04910414,06,S49A,21358.644204,0.7479653646
04910592,06,,28888.681668,0.6783620311
04910593,06,,27975.636586,0.6727928713
04910594,06,,23810.269853,0.6431843315
04910613,06,S49B,18753.892022,0.821296777
04910614,06,S49B,17594.550974,0.7176493084
04910902,06,S49E,7780.5126796,0.8269121303
04910903,06,S49E,8023.557883,0.9366251582
04910904,06,S49E,12954.082271,0.8676869398
04910973,06,S49B,41951.903515,2.3391221966
04911252,06,,28725.046017,0.6783620311
04911253,06,,27817.172744,0.6727928713
04911254,06,,27961.072969,0.6431843315
04911422,06,S49A,26541.622912,1.0792170042
04911423,06,S49A,39115.958778,1.4729851125
04911424,06,S49A,31535.048837,1.298690866
04911492,06,S49A,9934.341512,0.8905737552
04911544,06,S49E,9771.4396776,0.6482283854
04911812,06,S49A,21188.754499,0.7540038934
04911813,06,S49A,20280.565307,0.8461260764
04911814,06,S49A,20462.926405,0.742679773
04911892,06,S49E,18511.560104,1.3583674409
04911893,06,S49E,10729.50409,1.7953365759
04911894,06,S49E,14370.714963,1.1459799621
04911982,06,S49A,20854.230497,0.7420998242
04911983,06,S49A,18790.49442,0.783958784
04911984,06,S49A,19893.911073,0.7220279772
04912002,06,S49A,25341.294296,0.900664115
04912003,06,S49A,22733.721182,0.8275079814
04912004,06,S49A,29549.734597,1.0229831402
04912024,06,S49C,26687.917953,1.6756333895
04912112,06,,38355.623864,0.900664115
04912113,06,,34408.899895,0.8275079814
04912114,06,,37870.177223,1.0229831402
04912122,06,,35062.289976,0.9314168682
04912123,06,,34890.684784,0.8617191433
04912242,06,,29664.448008,0.7880251769
04912243,06,,20251.441064,0.8891389715
04912244,06,,35428.339687,0.8149527382
04912312,06,S49A,28132.437773,1.0850872913
04912313,06,S49A,34766.937367,1.4859903135
04912502,06,S49A,12400.750184,0.7060958914
04912503,06,S49A,19673.520069,0.7161165895
04912504,06,S49A,17408.749795,0.6247245473
04912563,06,S49A,23519.011672,0.8369263219
04912824,06,S49A,18238.704099,0.6482283854
04913052,06,,41839.441009,1.1051537586
04913053,06,,40964.126445,0.9762373663
04913054,06,,59087.318845,1.4168630642
04913432,06,S49A,38561.844298,1.567974883
04913433,06,S49A,41086.078291,1.547173674
04913434,06,S49A,38251.06203,1.742936792
04913934,06,,23023.808864,0.5458809017
04913963,06,S49A,10687.512558,0.6961363873
04913964,06,S49A,10250.880999,0.7479653646
04914024,06,S49C,38131.383686,2.1904565825
04914352,06,,46682.91426,1.3835857715
04914353,06,,47332.239539,1.4658386152
04914354,06,,62745.009465,1.4839048095
04914552,06,S49A,34388.681938,1.3982886587
04914553,06,S49A,38618.260369,1.4542433414
04914554,06,S49A,49443.219552,1.8158073517
04914692,06,S49A,40356.747766,1.8103583369
04914693,06,S49A,42759.190752,2.0235387479
04914883,06,S49A,20888.395966,0.7534545825
04914884,06,S49A,17092.281923,0.6203458785
04915012,06,,32986.706817,0.7790041284
04915013,06,,33350.186105,0.8066156714
04915014,06,,27597.37363,0.7497317142
04915072,06,S49E,6044.0222679,0.6423580983
04915073,06,S49E,5182.283146,0.6049506768
04915074,06,S49E,8447.8770887,0.5458809017
04915112,06,S49B,25912.864596,1.2095907222
04915113,06,S49B,31929.499244,1.3558571504
04915114,06,S49B,38149.21933,1.5497523565
04915132,06,S49B,32598.516252,1.5216713177
04915133,06,S49B,30796.112151,1.3077288982
04915582,06,S49C,13518.500822,0.7060958914
04916022,06,S49C,14846.01085,1.4708058128
04916023,06,S49C,25532.773086,1.803161495
04916024,06,S49C,32295.758212,2.0277284611
04916194,06,S49A,30765.062555,1.1298501042
04916762,06,S49C,18424.572588,0.9635331631
04916782,06,S49E,14126.172101,0.9097417873
04916784,06,S49E,15356.869657,0.9883154379
04916802,06,S49A,17909.622529,0.7160173115
04916953,06,S49B,18319.294045,0.8776254924
04916954,06,S49B,14035.222858,0.9847959401
04917142,06,,28325.845465,1.2465239774
04917143,06,,42824.680778,1.0654627075
04917144,06,,35492.964049,0.8612020167
04917173,06,,25070.708893,1.3073262332
04917273,06,S49B,29425.100175,1.3055139565
04917274,06,S49B,32862.092415,1.4219274276
04917552,06,S49E,5382.656063,0.900664115
04917553,06,S49E,12659.861735,0.8275079814
04917554,06,S49E,15895.551301,1.0229831402
04918192,06,S49A,15867.279418,0.6423580983
04918193,06,S49A,17274.765488,0.6049506768
04918194,06,S49A,15832.169883,0.5458809017
04918882,06,S49E,21625.247798,1.6812198771
04918883,06,S49E,20387.771615,1.3981828217
04918884,06,S49E,12940.71482,1.1947977752
04919082,06,S49A,23046.570344,0.8537676456
04919083,06,S49A,18284.276859,0.7360509547
04919084,06,S49A,22813.286708,0.8145289891
04919122,06,,19176.269799,0.7060958914
04919123,06,,25845.459311,0.7161165895
04919124,06,,26154.875255,0.6247245473
04919212,06,S49A,35036.658084,1.2984272264
04919242,06,,50422.614097,1.2783431442
04919352,06,S49E,6660.7549229,0.9097417873
04919353,06,S49E,14267.71993,1.0644622331
04919354,06,S49E,14753.817199,0.9883154379
04919432,06,S49A,34928.991981,1.2944372169
04919773,06,S49A,21114.380501,0.8439536644
04919832,06,S49A,17111.532546,0.6783620311
04919882,06,S49A,12074.51147,0.7880251769
04919883,06,S49A,16707.437857,0.8891389715
04919884,06,S49A,9098.9046806,0.7176493084
04919972,06,,16299.7553,0.7880251769
04919973,06,,24420.181717,0.6727928713
04919974,06,,34369.793506,0.8149527382
04920052,06,,17160.325747,0.7420998242
04920053,06,,16739.797527,0.783958784
04920054,06,,30400.806012,0.7220279772
04920342,06,S49C,10921.713584,0.6783620311
04920622,06,,14769.75912,0.6423580983
04920623,06,,12844.285396,0.6049506768
04920842,06,,26743.330317,1.3375230209
04920844,06,,77260.79445,1.8535955214
04920902,06,S49B,24194.142963,1.2783431442
04920903,06,S49B,28838.987317,1.2166483216
04920904,06,S49B,27121.799412,1.153789975
04920962,06,S49B,15297.986105,0.6423580983
04920963,06,S49B,12313.117598,0.6049506768
04920964,06,S49B,12888.712096,0.5458809017
04921023,06,S49A,35684.364045,1.4263241015
04921024,06,S49A,35160.961979,1.2618754974
04921423,06,S49B,28150.756618,1.7883490736
04921424,06,S49B,45596.792059,1.9397356632
04921532,06,S49A,30262.642611,1.2647075555
04921533,06,S49A,26307.852687,1.3474222527
04921662,06,S49A,30262.351096,1.1546703742
04921663,06,S49A,31906.509781,1.4132567106
04921664,06,S49A,49352.144749,1.7819483066
04921862,06,S49E,14839.917886,1.0568717212
04921863,06,S49E,13648.632687,1.1284084375
04921864,06,S49E,17451.107292,1.1761087499
04922502,06,S49A,10425.371595,0.934592627
04922842,06,S49A,15094.788023,0.7520212442
04922843,06,S49A,20547.541158,0.821296777
04922844,06,S49A,19996.616225,0.7176493084
04922902,06,S49A,19467.918634,0.7160173115
04923112,06,,24499.597563,1.2183659061
04923282,06,,50116.371471,1.263382098
04923443,06,S49A,42309.061351,1.4934781698
04923444,06,S49A,33458.059335,1.1536078588
04924032,06,S49B,20402.117246,1.0779843183
04924033,06,S49B,26091.115245,1.1007221309
04924034,06,S49B,24379.124098,1.0759875581
04924062,06,S49B,20635.275948,0.900664115
04924063,06,S49B,17447.086263,0.8275079814
04924064,06,S49B,24318.153638,1.0229831402
04924172,06,S49E,6915.1171416,0.7152663353
04924472,06,S49E,5697.676976,0.7420998242
04924473,06,S49E,11451.067444,0.783958784
04924474,06,S49E,10760.920365,0.7220279772
04924542,06,S49E,11876.05557,0.7900078261
04924543,06,S49E,11451.067444,0.783958784
04924544,06,S49E,10760.920365,0.7220279772
04924662,06,S49E,20471.371649,1.4579335246
04924663,06,S49E,14472.994116,1.1965629855
04924664,06,S49E,16764.721284,1.1298501042
04924693,06,,43126.567145,1.0528594548
04924772,06,S49B,9368.5586787,0.7420998242
04924773,06,S49B,16528.899828,0.783958784
04924943,06,S49C,15100.504178,1.1965629855
04925113,06,S49C,12611.932394,0.9344527462
04925132,06,S49B,20978.051142,0.9156251611
04925133,06,S49B,17106.960295,0.8113759494
04925134,06,S49B,17677.218761,0.7486904855
04925142,06,S49B,27176.466203,1.2217083241
04925242,06,S49B,26043.060517,1.3760341879
04925243,06,S49B,29197.59792,1.2317772505
04925244,06,S49B,27318.812494,1.205732504
04925272,06,S49C,11059.333445,0.900664115
04925312,06,S49C,9779.5606888,0.7160173115
04925313,06,S49C,12826.723514,0.7534545825
04925314,06,S49C,11761.88846,0.6203458785
04926052,06,S49C,8022.1427362,1.0568717212
04926053,06,S49C,14240.400657,1.1284084375
04926054,06,S49C,22164.468688,1.1761087499
04926662,06,,50804.63707,1.202574199
04926663,06,,33828.332088,1.1268210511
04926664,06,,52147.512556,1.236485699
04926883,06,S49C,17951.179859,1.1685191671
04926973,06,S49A,22233.328921,0.9847959401
04927152,06,,21156.323839,0.7790041284
04927153,06,,17126.027435,0.8066156714
04927154,06,,31388.456791,0.7497317142
04927262,06,S49A,13226.838604,1.1857328753
04927263,06,S49A,27698.188297,1.107112165
04927264,06,S49A,38064.972973,1.3660962044
04927322,06,S49A,26468.104833,0.9734795803
04927323,06,S49A,26563.962374,1.1756281458
04927324,06,S49A,29888.937608,1.0671590836
04927422,06,,55153.711861,1.3982886587
04927423,06,,62663.758229,1.844271802
04927424,06,,90435.405107,2.1696730286
04927722,06,S49A,22321.633618,0.8269121303
04927723,06,S49A,22461.205983,0.9366251582
04927724,06,S49A,24137.588233,0.8676869398
04927872,06,,38414.266772,1.2644317146
04927873,06,,45521.569912,1.2021460457
04928202,06,S49A,28724.62319,1.0291131496
04928203,06,S49A,28960.789247,1.1575790351
04928204,06,S49A,35028.120609,1.2571080149
04928362,06,S49A,40526.983502,1.5018937782
04928364,06,S49A,40948.330008,1.4118665649
04928512,06,,14769.75912,0.6423580983
04928513,06,,24822.264518,0.6049506768
04928514,06,,22853.987328,0.5458809017
04928532,06,S49B,21850.717673,0.9175054387
04928533,06,S49B,10144.53428,0.8472168674
04928534,06,S49B,21093.287287,0.8933726348
04928903,06,,25992.691052,0.7161165895
04928904,06,,26303.869621,0.6247245473
04929102,06,S49A,20069.845751,0.7152663353
04929103,06,S49A,9811.2077612,0.6954497587
04929104,06,S49A,18662.975327,0.6708880686
04929482,06,S49B,14052.598386,0.9175054387
04929483,06,S49B,19604.851928,0.8472168674
04929484,06,S49B,21093.287287,0.8933726348
04929742,06,S49E,16541.205986,1.1061432647
04929743,06,S49E,17476.707955,1.3038730553
04929744,06,S49E,12518.89489,0.8399832028
04930382,06,,29159.505041,0.6941537382
04930651,06,S49A,45641.185582,1.9207598867
04930652,06,S49A,23767.038977,2.0482302561
04930653,06,S49A,20707.651101,1.7845739034
04930654,06,S49A,12643.310278,1.0895934775
04931073,06,S49E,11690.771167,1.0229831402
04931074,06,S49E,10400.141985,0.7857287732
04931131,06,S49C,13178.819344,0.726270033
04931132,06,S49C,14655.926775,0.8028023582
04931133,06,S49C,14515.380558,0.7611395572
04931134,06,S49C,13253.456177,0.7879723852
04931151,06,,48819.325029,1.2644317146
04931211,06,,15615.55849,0.7420998242
04931212,06,,31246.52251,0.783958784
04931213,06,,29256.099388,0.7220279772
04931214,06,,15775.778024,0.6905260102
04931401,06,S49A,18052.511953,0.6783620311
04931531,06,S49A,45482.922507,1.5197910402
04931532,06,S49A,34021.524878,1.2718879802
04931533,06,S49A,20915.074306,1.205732504
04931732,06,,20199.306869,0.506789965
04931733,06,,24280.845797,0.5992408538
04931734,06,,35344.737688,0.8278258841
04931811,06,S49B,21834.799101,0.900664115
04931812,06,S49B,20792.224917,0.8275079814
04931813,06,S49B,22914.556142,1.0229831402
04931814,06,S49B,11316.280791,0.7857287732
04931893,06,S49C,16018.975411,0.8399832028
04931894,06,S49C,11915.416641,0.7262932803
04932041,06,S49A,18427.982791,0.6783620311
04932042,06,S49A,18942.62142,0.6727928713
04932043,06,S49A,16143.896131,0.6431843315
04932044,06,S49A,22686.74982,0.752205115
04932173,06,S49A,23960.606414,0.9175054387
04932282,06,S49A,21928.264496,0.8569588653
04932283,06,S49A,24260.553365,0.8497646939
04932411,06,,33275.141079,0.8618337853
04932413,06,,35007.954618,0.8703602123
04932414,06,,38098.453463,0.9804234853
04932471,06,S49A,43088.18496,1.439771981
04932472,06,S49A,35922.168423,1.3429431632
04932473,06,S49A,22282.724843,1.2845761496
04932561,06,,71316.687941,1.8589393947
04932562,06,,72284.719155,2.0394326768
04932563,06,,61255.374117,1.673345019
04932564,06,,43591.321891,1.2563145138
04933011,06,S49B,9326.7263683,0.900664115
04933012,06,S49B,17573.646085,0.8275079814
04933013,06,S49B,20594.604316,1.0229831402
04933014,06,S49B,12664.503201,0.7857287732
04933071,06,S49E,17305.735503,1.2647023179
04933072,06,S49E,13141.491795,1.0666912898
04933073,06,S49E,17805.583458,1.4029670896
04933074,06,S49E,11362.436472,1.1337478433
04933174,06,,23441.663292,0.8077769448
04933602,06,,42550.588508,1.5190923763
04933603,06,,48139.931261,1.6168933975
04933751,06,,23423.802424,0.8249294811
04933752,06,,35130.078127,0.9117958589
04933891,06,S49B,15572.686637,0.6423580983
04933892,06,S49B,15200.180323,0.6049506768
04933893,06,S49B,13943.782823,0.5458809017
04933894,06,S49B,17190.044006,0.6386617612
04933902,06,S49A,26370.873624,0.9366251582
04933903,06,S49A,24835.659425,0.8676869398
04934711,06,S49A,33922.357428,1.2346524098
04934712,06,S49A,34719.341594,1.2756741121
04934713,06,S49A,42170.068865,1.683276137
04934714,06,S49A,29686.390207,1.1311153359
04934771,06,S49C,17212.68949,0.9485721169
04934804,06,S49E,12005.173445,0.7857287732
04935191,06,S49A,25430.290874,0.9255715784
04935571,06,S49E,11877.493783,1.1688915517
04935572,06,S49E,14992.779675,1.087403279
04935631,06,S49E,13442.801938,1.2347222798
04935632,06,S49E,12224.801585,0.9922837965
04935633,06,S49E,7467.6752617,0.7208985363
04935634,06,S49E,10687.955456,0.8038672804
04935852,06,S49A,41293.257822,1.5678856631
04935853,06,S49A,52408.067646,1.8356764122
04935854,06,S49A,32031.24213,1.179370549
04935911,06,S49A,42959.875267,1.5852101298
04936091,06,S49B,6651.8673433,0.6423580983
04936092,06,S49B,12847.234506,0.6049506768
04936093,06,S49B,10989.625081,0.5458809017
04936094,06,S49B,14891.821364,0.6386617612
04936561,06,,31850.277085,0.8249294811
04936562,06,,34872.607905,0.9117958589
04936563,06,,33893.644525,0.8426564752
04936564,06,,36699.112112,0.9444129127
04936651,06,,33275.141079,0.8618337853
04936652,06,,35739.144796,0.9344527462
04936653,06,,35007.954618,0.8703602123
04936654,06,,38098.453463,0.9804234853
04936892,06,S49C,21773.998582,1.1976897647
04936894,06,S49C,22997.094492,1.3117780365
04937062,06,S49C,22999.58474,2.9673008433
04937064,06,S49C,30287.277247,1.8474424265
04937142,06,S49E,10213.485715,0.8472168674
04937181,06,S49B,31259.082374,1.1704198201
04937571,06,S49E,14309.434417,1.4579006781
04937572,06,S49E,14388.868182,1.5464807165
04937573,06,S49E,15424.47487,1.6254366846
04937574,06,S49E,8269.0568124,1.2416760821
04937702,06,S49B,21760.906117,0.8660604416
04937703,06,S49B,23819.036966,0.9324842148
04937704,06,S49B,16738.124287,0.7675793653
04937864,06,,46026.582484,1.4718882759
04937971,06,S49E,9626.1836356,1.2815488792
04937972,06,S49E,8873.0855435,1.3671311387
04937973,06,S49E,23229.332652,1.6020066557
04937974,06,S49E,12751.085164,0.9930675188
04938211,06,S49C,29131.240886,1.614562665
04938212,06,S49C,22396.654407,1.8432722247
04938213,06,S49C,31561.271116,1.8860075576
04938214,06,S49C,23378.525608,1.3335352615
04938241,06,,34382.24246,0.900664115
04938242,06,,32740.54939,0.8275079814
04938261,06,S49B,13027.571391,0.900664115
04938262,06,S49B,17573.646085,0.8275079814
04938263,06,S49B,20594.604316,1.0229831402
04938264,06,S49B,18321.016291,0.7857287732
04938311,06,S49A,28441.677675,0.9653753565
04938312,06,S49A,26776.108691,1.0464131224
04938313,06,S49A,33639.13071,1.1782643693
04938314,06,S49A,30769.259182,1.0351646297
04938511,06,S49C,8170.3022546,0.8249294811
04938512,06,S49C,16576.447693,0.9117958589
04939172,06,,38613.528677,1.1216144409
04939173,06,,25230.73086,1.3492389841
04939174,06,,26965.781395,1.4490233029
04939271,06,S49C,16272.732162,0.8268740462
04939273,06,S49C,30822.279863,2.3200402904
04939274,06,S49C,28470.271856,1.7366099861
04939281,06,,27849.320404,0.7160173115
04939282,06,,29029.434704,0.7534545825
04939283,06,,25136.007538,0.6203458785
04939284,06,,24445.937803,0.6813156325
04939291,06,,22375.907846,0.7880251769
04939292,06,,34257.143451,0.8891389715
04939293,06,,33021.34967,0.8149527382
04939294,06,,34478.556593,0.9084023401
04939361,06,S49A,41755.886162,1.7572512666
04939362,06,S49A,31249.440124,2.2341624714
04939363,06,S49A,41861.064633,2.1047627574
04939364,06,S49A,32304.79642,1.3162542972
04939371,06,S49A,24924.411538,0.9175054387
04939372,06,S49A,23853.564841,0.8472168674
04939373,06,S49A,25570.856812,0.8933726348
04939471,06,S49C,8614.9554922,0.7900078261
04939472,06,S49C,16685.367097,0.9139682709
04939473,06,S49C,16018.975411,0.8399832028
04939474,06,S49C,12216.032369,0.7262932803
04939713,06,S49A,31147.168837,2.6842457601
04939714,06,S49A,21065.40929,1.8154053059
04939981,06,S49E,12049.77321,1.5671661615
04939983,06,S49E,18961.959293,1.4474863871
04939984,06,S49E,15484.69683,1.6351254683
04940221,06,S49A,30524.175189,1.130061222
04940222,06,S49A,27570.796796,1.1943480438
04940223,06,S49A,17741.661676,1.343083782
04940224,06,S49A,16193.336987,1.2318234735
04940291,06,S49E,33853.567008,2.465860366
04940292,06,S49E,13452.082924,2.2884079742
04940293,06,S49E,33328.412904,2.5441687348
04940294,06,S49E,23616.276601,1.9019528408
04940671,06,,15501.111226,0.7420998242
04940672,06,,31017.515075,0.783958784
04940673,06,,25467.246819,0.7220279772
04940674,06,,23710.92721,0.6905260102
04940903,06,S49E,10442.772761,0.7220279772
04940904,06,S49E,4421.731482,0.752205115
04941321,06,S49A,21073.020378,0.7152663353
04941322,06,S49A,19006.768892,0.6954497587
04941323,06,S49A,19153.673844,0.6708880686
04941324,06,S49A,19358.877302,0.7882156876
04941553,06,S49C,26384.153325,2.1344133089
04941554,06,S49C,11067.56158,1.4278859892
04941861,06,S49E,14154.437303,1.442108971
04941971,06,,26700.520304,0.8776254924
04941972,06,,25957.275128,0.9847959401
04941973,06,,46787.094506,1.1576420534
04942051,06,S49B,21451.037492,0.8848343238
04942052,06,S49B,21265.694468,0.8463515556
04942053,06,S49B,27129.760484,1.0620947202
04942054,06,S49B,23771.298965,0.8831751482
04942181,06,,32100.162047,1.1388364059
04942222,06,S49A,21697.876123,0.9117958589
04942223,06,S49A,20108.310257,0.8426564752
04942224,06,S49A,17585.392671,0.9444129127
04942361,06,S49E,11749.401401,0.8537676456
04942511,06,S49B,30713.479979,1.3452814347
04942611,06,S49A,30028.941763,1.1738003221
04942612,06,S49A,24232.336898,1.3607411046
04942613,06,S49A,33137.130879,1.3118980094
04942614,06,S49A,30467.810382,1.2295476585
04942723,06,,39904.361441,0.995191191
04942724,06,,33686.280822,0.8556087274
04942751,06,S49B,33512.017007,1.4678601822
04943191,06,S49C,10521.211003,0.7520212442
04943192,06,S49C,15353.232414,0.821296777
04943193,06,S49C,14404.11569,0.7176493084
04943194,06,S49C,15921.773116,0.7948589863
04943301,06,S49A,10646.453179,0.9175054387
04943432,06,S49A,22047.445955,1.2622312375
04943433,06,S49A,36330.746585,1.2826561326
04943461,06,,30521.821113,0.7420998242
04943462,06,,31482.828935,0.783958784
04943463,06,,29411.36761,0.7220279772
04943464,06,,29098.750683,0.6905260102
04943481,06,,37305.552497,1.4239474274
04943701,06,S49A,22781.454089,0.8755711084
04943702,06,S49A,17704.898735,1.1246394689
04943703,06,S49A,28097.667065,0.9350999754
04943871,06,S49A,18800.536595,0.6423580983
04943872,06,S49A,17288.026241,0.6049506768
04943873,06,S49A,16402.502659,0.5458809017
04943874,06,S49A,19151.824046,0.6386617612
04944021,06,S49B,18682.32405,0.7152663353
04944022,06,S49B,20716.184627,1.1803884238
04944023,06,S49B,28588.245833,1.0661178548
04944024,06,S49B,25743.488511,0.9619623941
04944171,06,S49E,11359.868798,0.8618337853
04944172,06,S49E,13248.134205,0.9344527462
04944173,06,S49E,13248.631728,0.8703602123
04944174,06,S49E,14894.046894,0.9804234853
04944452,06,S49B,28811.899121,1.1687431551
04944453,06,S49B,29273.010763,1.1580658025
04944454,06,S49B,32156.687214,1.2956065335
04944461,06,S49A,15148.853497,0.9485721169
04944491,06,S49E,16821.757763,1.2647023179
04944492,06,S49E,15596.351055,1.0666912898
04944493,06,S49E,21442.573873,1.4029670896
04944951,06,,43200.588046,1.1728700019
04944954,06,,32967.846178,0.7766075077
04945222,06,S49E,5206.9205489,0.6179558777
04945223,06,S49E,10321.808931,0.6780844994
04945224,06,S49E,10166.169472,0.7661467793
04945311,06,,16641.5778,0.6482283854
04945322,06,S49B,23309.160908,0.9139682709
04945323,06,S49B,22524.382448,0.8399832028
04945324,06,S49B,19436.646206,0.7262932803
04945452,06,S49E,10370.643018,0.7163420687
04945453,06,S49E,14371.70069,0.9441394946
04945454,06,S49E,12873.347959,0.8474078781
04945732,06,S49A,23471.430566,0.9413854363
04945733,06,S49A,24839.042274,0.8666457111
04945822,06,,30028.497564,1.3474222527
04945824,06,,47063.98127,1.1086633017
04945941,06,S49B,6651.8673433,0.6423580983
04945942,06,S49B,21154.105418,0.821296777
04945943,06,S49B,19321.996294,0.7176493084
04946101,06,S49B,11444.29597,1.1051537586
04946102,06,S49B,25144.903447,0.9762373663
04946103,06,S49B,25420.02006,0.9441394946
04946104,06,S49B,22815.617166,0.8474078781
04946153,06,S49A,21054.339713,0.8275341311
04946154,06,S49A,20160.794873,0.6723082214
04946212,06,S49A,23352.743223,0.9366251582
04946261,06,S49A,24655.024226,0.9475789739
04946262,06,S49A,35271.160534,1.2603238579
04946263,06,S49A,28742.296647,1.1297068351
04946264,06,S49A,27536.189602,0.9182577756
04946371,06,S49C,12673.109848,0.6482283854
04946741,06,S49A,27498.003246,1.4858377895
04946824,06,,29012.538507,0.7882156876
04947222,06,S49C,21059.76583,1.141323327
04947223,06,S49C,18598.530815,1.2196284786
04947224,06,S49C,20465.289547,1.1016095257
04947281,06,S49A,35240.584205,1.1688915517
04947282,06,S49A,31384.492428,1.087403279
04947552,06,,27131.121072,1.2174127658
04947554,06,,45545.62116,1.0728960316
04947871,06,S49E,14789.066225,1.1219950823
04947874,06,S49E,14936.409719,0.9832120833
04947932,06,S49C,19660.814437,1.0655078658
04948091,06,S49E,12490.079876,0.9475789739
04948092,06,S49E,12556.15581,1.2603238579
04948093,06,S49E,17196.408576,1.1297068351
04948094,06,S49E,13949.660096,0.9182577756
04948151,06,S49E,11503.273046,1.453960312
04948241,06,,27496.359691,0.7520212442
04948391,06,,29025.510913,0.7880251769
04948392,06,,19815.248996,0.8891389715
04948393,06,,33441.696846,0.8149527382
04948394,06,,38562.682335,0.9084023401
04948541,06,S49E,11533.661115,1.3533278148
04948673,06,S49C,15048.049545,0.7497317142
04948674,06,S49C,12711.745325,0.7265365828
04949202,06,S49C,14047.650712,1.5865914461
04949203,06,S49C,22625.688198,1.4837157811
04949204,06,S49C,17293.796738,1.044798065
04949221,06,,30054.486072,1.4737252317
04949222,06,,38799.720707,1.2469061794
04949223,06,,51739.019903,1.257675033
04949224,06,,36072.221801,1.1693142487
04949261,06,S49E,13354.132556,0.900664115
04949263,06,S49E,15022.229028,1.0229831402
04949402,06,S49B,24381.650036,0.9762373663
04949571,06,S49B,33691.436673,1.4378917035
04949572,06,S49B,33666.975765,1.3071022452
04949573,06,S49B,30690.516097,1.1398940004
04949574,06,S49B,30659.034755,1.1387247339
04949774,06,S49C,24743.10857,1.6998095229
04949944,06,S49A,28903.533725,1.0272709562
04949994,06,S49A,25748.879204,1.0122718259
04950001,06,S49A,18630.02942,0.7160173115
04950002,06,S49A,21086.022745,0.7534545825
04950003,06,S49A,15783.002023,0.6203458785
04950004,06,S49A,20430.903972,0.6813156325
04950461,06,S49A,16504.926726,0.7880251769
04950462,06,S49A,25641.579102,0.8891389715
04950463,06,S49A,24487.510763,0.8149527382
04950464,06,S49A,27240.650433,0.9084023401
04950881,06,S49A,21882.22956,1.4011430451
04950882,06,S49A,32618.385469,1.8674246958
04950883,06,S49A,44438.877112,1.5689134854
04950884,06,S49A,32110.650115,1.1545719472
04950891,06,,36386.113726,0.9951546613
04950892,06,,44789.237346,1.1388879623
04950893,06,,34942.438095,0.8275341311
04950894,06,,28331.053469,0.6723082214
04950972,06,,51348.833441,0.6961363873
04950982,06,S49E,6658.024617,0.6682990717
04951041,06,S49A,16758.95117,1.0730939373
04951042,06,S49A,15491.574447,1.1687431551
04951043,06,S49A,26437.610835,1.1580658025
04951044,06,S49A,25875.114969,1.0442065454
04951281,06,S49B,15555.500189,0.6783620311
04951282,06,S49B,17834.903236,0.6727928713
04951283,06,S49B,17317.100603,0.6431843315
04951284,06,S49B,20252.377136,0.752205115
04951621,06,S49A,20640.615005,0.7060958914
04951622,06,S49A,17854.834119,0.7161165895
04951814,06,S49A,19227.494859,0.8618337853
04951871,06,S49C,21438.49059,1.734212579
04952101,06,,37316.908906,0.900664115
04952102,06,,33477.066818,0.8275079814
04952103,06,,43514.144986,1.0229831402
04952104,06,,33355.053972,0.7857287732
04952181,06,S49A,22544.386179,1.0291131496
04952182,06,S49A,22798.462785,1.1575790351
04952183,06,S49A,36030.131718,1.2571080149
04952184,06,S49A,22233.973919,0.9734855248
04952271,06,S49C,13880.02726,0.9485340328
04952272,06,S49C,19778.009842,1.0267042364
04952273,06,S49C,25039.264329,1.3078748747
04952274,06,S49C,20134.118008,1.1507604126
04952361,06,S49A,32443.7951,2.2521049483
04952362,06,S49A,59660.82249,2.7142145596
04952363,06,S49A,68009.060014,2.3402743677
04952364,06,S49A,32031.969899,1.4699134322
04952421,06,S49E,13354.132556,0.900664115
04952422,06,S49E,11980.016593,0.8275079814
04952423,06,S49E,15571.85944,1.0229831402
04952424,06,S49E,11936.353391,0.7857287732
04952621,06,S49C,13966.540579,0.7152663353
04952911,06,S49E,8361.2918515,0.7880251769
04952912,06,S49E,7091.033783,0.8891389715
04952913,06,S49E,10503.835616,0.8149527382
04952914,06,S49E,12053.789676,0.9084023401
04953041,06,S49E,15407.210638,1.1688915517
04953042,06,S49E,10833.409931,1.087403279
04953144,06,S49C,26122.279623,1.339125284
04953361,06,,26614.603871,0.6423580983
04953362,06,,24473.448818,0.6049506768
04953363,06,,22400.297309,0.5458809017
04953364,06,,27111.89693,0.6386617612
04953371,06,S49A,15148.853497,0.9485721169
04953821,06,,54010.432061,1.6453154183
04953822,06,,37391.087224,1.8774833866
04953823,06,,65533.030027,1.7395398318
04953824,06,,62573.726463,1.5136118087
04954051,06,S49C,19171.607425,1.1530617605
04954052,06,S49C,15246.376672,1.1062468531
04954053,06,S49C,30930.627354,1.5348182899
04954054,06,S49C,22864.674588,1.1345751364
04954151,06,S49C,8728.723478,0.6961363873
04954502,06,S49C,10221.814286,0.7534545825
04954871,06,S49E,7954.5187317,0.7520212442
04954872,06,S49E,5654.409606,0.821296777
04954873,06,S49E,10537.641078,0.7176493084
04954874,06,S49E,10863.016756,0.7948589863
04954981,06,,24202.376175,0.9175054387
04954982,06,,17471.632506,0.8472168674
04954983,06,,36328.347232,0.8933726348
04954984,06,,28318.06575,0.6701329903
04955051,06,,21379.799148,1.0928128586
04955052,06,,44480.438729,1.3379317159
04955053,06,,61293.506227,1.5028881694
04955054,06,,51420.862469,1.2410707892
04955191,06,S49A,26288.524881,0.900664115
04955323,06,,21216.407402,0.9175054387
04955324,06,,34960.933175,0.8472168674
04955361,06,S49E,6896.5889288,0.9576497892
04955362,06,S49E,15747.894721,1.19447172
04955363,06,S49E,8273.1875631,1.1062706636
04955364,06,S49E,8506.4168637,1.0519580257
04955502,06,S49E,12399.782194,1.1530617605
04955503,06,S49E,14827.78795,1.1062468531
04955504,06,S49E,22912.146885,1.5348182899
04955533,06,S49E,11423.697427,0.7639253134
04955534,06,S49E,11841.676969,0.8834640694
04955662,06,S49B,33958.876458,1.4621650195
04955663,06,S49B,36383.037993,1.4065576467
04955664,06,S49B,23323.813795,0.8796469669
04955681,06,,46278.537891,1.1259304043
04955684,06,,36361.675611,0.8645160191
04955851,06,S49A,26212.658391,1.130061222
04955852,06,S49A,34697.017622,1.1943480438
04955853,06,S49A,37295.827967,1.343083782
04955854,06,S49A,34406.374315,1.2318234735
04956083,06,S49A,19621.930747,0.6780844994
04956091,06,S49A,20877.146695,0.7152663353
04956092,06,S49A,19723.365961,0.6954497587
04956093,06,S49A,19413.685511,0.6708880686
04956094,06,S49A,23702.414499,0.7882156876
04956111,06,S49A,34916.459719,1.202574199
04956112,06,S49A,29325.255216,1.1268210511
04956113,06,S49A,35839.376613,1.236485699
04956114,06,S49A,23945.410197,0.8059371955
04956182,06,S49C,19245.394859,1.0176451897
04956183,06,S49C,16073.463647,1.0423868977
04956184,06,S49C,21844.335971,1.4622060549
04956251,06,,36942.075385,0.900664115
04956911,06,S49A,30966.59331,1.1358518243
04957291,06,,29908.273281,1.6006407603
04957292,06,,32779.210886,1.267308023
04957293,06,,43138.529753,1.245564635
04957294,06,,34447.649366,1.0880320145
04957361,06,S49E,10293.367419,0.6961363873
04957401,06,S49A,28870.894094,1.1598888926
04957402,06,S49A,27342.039508,1.3462388287
04957403,06,S49A,40088.022735,1.3287552297
04957404,06,S49A,28174.6514,0.9338753283
04957454,06,S49A,23627.630558,0.7857287732
04957541,06,S49E,11042.859648,1.6514828334
04957542,06,S49E,26088.762046,1.8189692664
04957591,06,S49C,28168.798779,1.6885234908
04957742,06,S49C,35273.112755,1.7919259276
04958012,06,S49A,43607.763114,2.0482302561
04958013,06,S49A,53839.892864,1.7845739034
04958014,06,S49A,32872.606724,1.0895934775
04958291,06,S49A,17222.767308,0.9175054387
04958292,06,S49A,24027.570816,0.8472168674
04958293,06,S49A,25851.786889,0.8933726348
04958294,06,S49A,20151.552621,0.6701329903
04958471,06,,51279.065703,1.2475903909
04958472,06,,22748.627335,1.1824371597
04958473,06,,53351.980479,1.3002577008
04958474,06,,30861.86204,0.8081124266
04958504,06,S49C,20946.423354,1.3087371719
04958641,06,S49C,17580.745369,1.6295617953
04958642,06,S49C,18711.110962,1.7579534246
04958643,06,S49C,27803.622924,1.444778394
04958644,06,S49C,18622.310539,0.9525294453
04958681,06,S49B,23361.632775,0.9255715784
04958682,06,S49B,21932.765171,1.0456186589
04958683,06,S49B,24679.592841,0.9492038579
04958684,06,S49B,23312.994188,0.9187443805
04958751,06,,32389.793251,0.7880251769
04958752,06,,32757.161088,0.8891389715
04958753,06,,33439.019476,0.8149527382
04958754,06,,34691.939853,0.9084023401
04958881,06,,34536.654302,1.5216713177
04958882,06,,43157.685446,1.3077288982
04958883,06,,48933.850086,1.2086937498
04958884,06,,36021.480533,0.8758171497
04958921,06,,27824.025487,0.6783620311
04958922,06,,23584.724842,0.6727928713
04958923,06,,26154.622183,0.6431843315
04958924,06,,31786.218875,0.752205115
04958931,06,,63624.545018,1.6485539998
04958932,06,,45828.784733,1.6780484727
04958933,06,,69013.137758,1.6921699321
04958934,06,,40733.232366,0.9831189601
04959241,06,S49B,25510.390384,0.9793629542
04959242,06,S49B,23349.169029,0.9225418621
04959243,06,S49B,21370.462018,0.8275341311
04959244,06,S49B,18042.055362,0.6723082214
04959271,06,S49E,7514.5595431,1.2783431442
04959272,06,S49E,14474.720789,1.2166483216
04959273,06,S49E,16839.321213,1.153789975
04959274,06,S49E,11916.817593,0.8719667625
04959811,06,S49B,16096.853784,0.6423580983
04959812,06,S49B,12555.308854,0.6049506768
04959813,06,S49B,14193.07168,0.5458809017
04959814,06,S49B,16205.941764,0.6386617612
04959891,06,S49C,30432.314,1.8242054789
04959892,06,S49C,38243.826975,2.0222316478
04959893,06,S49C,32432.255462,1.9845668369
04959894,06,S49C,22540.400059,1.5087988708
04959922,06,S49E,10267.265317,0.8275079814
04959923,06,S49E,14996.371142,1.0229831402
04959924,06,S49E,11969.60872,0.7857287732
04960371,06,,62788.782824,1.7890722705
04960374,06,,47570.502172,1.5136118087
04960611,06,S49A,24730.737993,0.85176297
04960612,06,S49A,26032.701462,1.0003048842
04960613,06,S49A,25906.571536,0.8937963838
04960614,06,S49A,13515.432441,0.8467232353
04961021,06,,16848.451458,0.8675546771
04961022,06,,28483.70116,1.0506480781
04961023,06,,41360.240482,1.0216213127
04961024,06,,36315.0921,1.0785412295
04961031,06,S49C,11393.070977,1.2341576132
04961032,06,S49C,24162.83376,1.2275074389
04961033,06,S49C,30070.457964,1.4921355568
04961034,06,S49C,24820.635417,1.269573184
04961071,06,S49C,8655.1170504,0.6902661003
04961072,06,S49C,12246.733674,0.7349601637
04961074,06,S49C,13547.0859,0.6744290313
04961242,06,,44258.58222,1.3410873721
04961312,06,S49B,19125.714988,0.9117958589
04961313,06,S49B,21909.328055,0.8426564752
04961314,06,S49B,23964.329157,0.9444129127
04961462,06,,32339.664852,0.9225418621
04961463,06,,33651.072455,0.8275341311
04961464,06,,28409.985321,0.6723082214
04961541,06,S49E,16255.517807,1.1051537586
04962211,06,,37833.005015,0.9156251611
04962212,06,,32575.205512,0.8113759494
04962213,06,,30669.733171,0.7486904855
04962214,06,,31245.38189,0.7339873262
04962231,06,,41903.975119,1.0937760254
04962351,06,S49C,12523.988933,0.6423580983
04962421,06,S49B,13165.479109,0.9255715784
04962422,06,S49B,21932.765171,1.0456186589
04962423,06,S49B,24679.592841,0.9492038579
04962424,06,S49B,23312.994188,0.9187443805
04962431,06,S49E,18570.653367,1.2625514371
04962432,06,S49E,8029.7002283,1.1663051277
04962433,06,S49E,15064.811307,1.0259650461
04962434,06,S49E,13124.440383,0.8719667625
04962501,06,S49E,17131.942181,1.4579335246
04962502,06,S49E,17609.887865,1.1965629855
04962503,06,S49E,15894.166572,1.1298501042
04962504,06,S49E,13265.381902,0.9374962545
04963121,06,S49E,17193.026115,1.1688915517
04963122,06,S49E,14336.306227,1.087403279
04963123,06,S49E,21962.287545,1.4957067099
04963124,06,S49E,8427.8773706,0.8758171497
04963151,06,S49A,25710.554267,0.9156251611
04963152,06,S49A,9414.9589662,0.8113759494
04963153,06,S49A,21812.765741,0.7486904855
04963154,06,S49A,20869.971021,0.7339873262
04963194,06,S49B,17139.11936,0.6386617612
04963371,06,S49B,17053.485366,0.6581498054
04963372,06,S49B,12716.918139,0.8942968583
04963373,06,S49B,22449.717728,0.8731779743
04963374,06,S49B,22723.278643,1.0626875532
04963601,06,S49C,11003.279666,0.7889255484
04963602,06,S49C,14671.26513,0.8439536644
04963603,06,S49C,14430.968979,0.7453530454
04963604,06,S49C,16489.824852,0.8308695589
04963711,06,S49A,14153.631202,0.7540038934
04963712,06,S49A,20723.251179,0.8461260764
04963713,06,S49A,21491.143192,0.742679773
04963714,06,S49A,18425.987926,0.6127499265
04963841,06,S49B,15250.350123,1.1779692239
04964391,06,S49A,34237.890303,1.2197612337
04964392,06,S49A,29716.74746,1.0084158285
04964393,06,S49A,30024.526862,0.995191191
04964591,06,,26347.270751,0.6423580983
04964592,06,,24109.617039,0.6049506768
04964593,06,,22197.849109,0.5458809017
04964594,06,,26988.174001,0.6386617612
04964632,06,S49E,15550.870129,1.3071022452
04964651,06,S49A,20251.007317,0.7160173115
04964652,06,S49A,17709.531334,0.7534545825
04964653,06,S49A,18073.502453,0.6203458785
04964654,06,S49A,19372.3202,0.6813156325
04964941,06,,24152.777358,0.9156251611
04964942,06,,31514.299823,0.8617191433
04964944,06,,40324.198855,0.9658053204
04964981,06,S49A,12418.496317,0.8985886943
04965031,06,S49E,7290.7322355,0.9654134406
04965032,06,S49E,14040.100779,0.9772263543
04965033,06,S49E,14825.51114,1.0113278604
04965034,06,S49E,10753.51979,0.7059002604
04965071,06,S49A,54488.090976,2.1817374451
04965072,06,S49A,77778.093941,2.7471917127
04965073,06,S49A,77813.464512,3.1805735516
04965074,06,S49A,67975.622118,2.3205916127
04965101,06,S49C,10990.722031,0.7880251769
04965102,06,S49C,15456.765151,0.8891389715
04965103,06,S49C,15778.506249,0.8149527382
04965104,06,S49C,16369.708154,0.9084023401
04965151,06,S49A,20877.146695,0.7152663353
04965152,06,S49A,10205.859388,0.6954497587
04965153,06,S49A,19413.685511,0.6708880686
04965154,06,S49A,23702.414499,0.7882156876
05011292,06,S49A,33647.441637,1.343083782
05011451,06,S49A,17032.510505,0.6049506768
05011452,06,S49A,15624.658548,0.5458809017
05011453,06,S49A,19262.245506,0.6386617612
05011454,06,S49A,13953.678514,0.640933955
05011751,06,,53264.145725,1.547173674
05011804,06,S49B,13138.177837,1.2568305379
05011822,06,S49A,30400.390354,1.2134732765
05011823,06,S49A,29295.660424,1.1162276906
05012341,06,S49A,22072.520515,0.783958784
05012342,06,S49A,20666.487085,0.7220279772
05012361,06,S49E,10342.398781,1.7594024639
05012362,06,S49E,15601.495162,1.9824143542
05012363,06,S49E,11663.975896,0.9084023401
05012364,06,S49E,8322.2787301,0.8545079112
05012521,06,S49A,31787.450573,1.3071022452
05012522,06,S49A,28557.054567,1.1398940004
05012523,06,S49A,29886.10066,1.1387247339
05012524,06,S49A,25994.32309,0.9546070514
05012591,06,S49B,12828.441009,0.6049506768
05012821,06,,26619.209395,0.6727928713
05012822,06,,21956.626192,0.5458809017
05012823,06,,27068.362671,0.6386617612
05012824,06,,26124.774127,0.640933955
05012882,06,S49E,23297.260357,1.8356764122
05012941,06,,35756.339714,1.0462894462
05012942,06,,61959.912202,1.7599761285
05012943,06,,45534.030361,1.2346120715
05012944,06,,40510.734108,1.0586713636
05012992,06,S49B,31777.236918,1.693057628
05013112,06,S49E,11951.930015,1.153789975
05013113,06,S49E,7350.7567665,1.1037847568
05013114,06,S49E,13070.853043,0.9475241223
05013131,06,,41415.576481,1.2118880436
05013132,06,,33183.720828,1.1548312037
05013134,06,,32497.040448,0.9904243115
05013741,06,S49A,37125.215209,1.5265915095
05013742,06,S49A,32196.148589,1.5745353843
05013743,06,S49A,26103.518866,1.0298891173
05013744,06,S49A,30708.572771,1.0477246898
05013791,06,S49A,54237.881228,0.8066156714
05013792,06,S49A,47790.022388,0.7497317142
05013793,06,S49A,37078.261531,0.7265365828
05014021,06,S49A,17032.510505,0.6049506768
05014351,06,,20546.290741,0.8037977764
05014353,06,,25385.43566,0.9131336267
05014354,06,,13296.005288,0.6163252505
05014511,06,S49A,37733.176483,2.6977138307
05014621,06,,28542.512171,0.7161165895
05014622,06,,22197.8663,0.6247245473
05014623,06,,13181.763143,0.5769826564
05014624,06,,21392.035213,0.6941077768
05014721,06,S49B,18300.328758,0.7534545825
05014732,06,S49A,17741.661676,1.343083782
05014733,06,S49A,32329.499159,1.2318234735
05014734,06,S49A,28269.432623,1.0381574325
05014982,06,S49A,21459.446558,0.7497317142
05015641,06,,34006.071014,0.8891389715
05015642,06,,25870.40121,0.6431843315
05015643,06,,31880.663746,0.752205115
05015644,06,,35920.286534,0.8721120062
05015654,06,S49A,30572.908038,1.3077288982
05015701,06,,34006.071014,0.8891389715
05015703,06,,35299.770761,0.9084023401
05015704,06,,35195.214372,0.8545079112
05015991,06,S49E,12883.945094,0.9344527462
05015992,06,S49E,12620.351374,0.8703602123
05015993,06,S49E,12588.734524,0.9804234853
05015994,06,S49E,12905.545986,0.8691688361
05016144,06,S49E,8016.9531717,0.9455130987
05016171,06,S49E,14676.322404,1.2174127658
05016963,06,S49B,17234.270561,1.0371287614
05017681,06,S49A,24815.861345,0.9117958589
05017682,06,S49A,24119.216587,0.8426564752
05017683,06,S49A,26115.628638,0.9444129127
05017684,06,S49A,25260.287049,0.8618383736
05017732,06,S49A,22784.913074,0.796039725
05017891,06,S49A,35054.73051,1.4414530303
05017892,06,S49A,32914.264887,1.3138180264
05017893,06,S49A,19313.60737,0.9762660488
05017894,06,S49A,30316.91658,1.1133485663
05017921,06,S49A,23866.061357,0.9326881689
05017922,06,S49A,31858.870325,1.1159079012
05017923,06,S49A,29831.183033,1.0036051032
05017924,06,S49A,28900.006098,0.9579178923
05017983,06,,24238.840313,0.7059002604
05017991,06,S49E,11181.799773,0.783958784
05017992,06,S49E,10469.5121,0.7220279772
05017993,06,S49E,5645.4791431,0.6905260102
05017994,06,S49E,12373.975414,0.8421031176
05018021,06,S49A,21425.736716,0.783958784
05018022,06,S49A,18362.739605,0.6431843315
05018023,06,S49A,18940.538285,0.752205115
05018121,06,S49E,10854.143177,0.783958784
05018362,06,S49B,26587.688613,1.275597279
05018363,06,S49B,15679.726746,0.9033835705
05018364,06,S49B,24928.964518,1.11209054
05018472,06,S49E,22018.339404,1.7316171611
05018473,06,S49E,10923.345779,1.1086633017
05018474,06,S49E,5970.9701429,1.015754643
05018601,06,S49E,10813.294958,1.1734557338
05018602,06,S49E,13577.64515,1.069832356
05018603,06,S49E,13734.474772,0.9804234853
05018604,06,S49E,12905.545986,0.8691688361
05018742,06,S49C,27648.179913,2.0811209177
05018743,06,S49C,23260.990634,1.4188578468
05018744,06,S49C,31082.513309,1.5423550701
05018751,06,S49A,36208.621442,1.3748244008
05018871,06,S49B,17573.646085,0.8275079814
05018872,06,S49B,10593.387334,1.0229831402
05018873,06,S49B,12664.503201,0.7857287732
05018874,06,S49B,11397.883531,0.9455130987
05019111,06,S49A,36625.496718,1.5865914461
05019112,06,S49A,27792.733556,1.4837157811
05019113,06,S49A,13734.733517,1.044798065
05019114,06,S49A,19446.589828,1.2667394869
05019181,06,,19342.820397,1.0665109689
05019182,06,,43436.581877,1.2224552839
05019183,06,,37117.739483,0.977936571
05019184,06,,42256.163426,1.0184221765
05019273,06,,35895.17056,0.9732635247
05019451,06,,33984.310654,0.987148673
05019452,06,,34042.176919,1.1760236745
05019502,06,S49C,12297.312367,0.6431843315
05019503,06,S49C,12277.553026,0.752205115
05019504,06,S49C,8820.2767473,0.7889292958
05019621,06,S49A,45242.66212,1.717842695
05019622,06,S49A,45294.128068,1.5864992975
05019623,06,S49A,31217.456437,1.1494074624
05019624,06,S49A,36548.142746,1.2114225771
05019771,06,S49A,23853.564841,0.8472168674
05019773,06,S49A,16374.740308,0.6701329903
05019774,06,S49A,27142.822581,0.9357736599
05019912,06,S49A,29280.676821,1.0229831402
05020491,06,S49A,28587.603033,1.050378937
05020492,06,S49A,23798.836897,0.9481626292
05020493,06,S49A,48496.085375,1.802227589
05020494,06,S49A,39339.985479,1.5072011029
05020631,06,S49A,20168.758013,0.7163420687
05020632,06,S49A,27023.948224,0.9441394946
05020633,06,S49A,20706.462955,0.8474078781
05020634,06,S49A,14935.233751,0.8923392769
05020721,06,S49E,6786.3744329,1.0456186589
05020722,06,S49E,12069.580492,0.9492038579
05020723,06,S49E,12478.878267,0.9187443805
05020724,06,S49E,8982.9392839,0.9223426579
05020891,06,S49A,22352.796126,0.821296777
05020892,06,S49A,20541.157174,0.7176493084
05020893,06,S49A,21980.049008,0.7948589863
05020894,06,S49A,13582.705373,0.7065125703
05020992,06,,30336.446713,0.7486904855
05021091,06,,16268.231634,0.8066156714
05021092,06,,30378.636616,0.7497317142
05021093,06,,16598.47665,0.7265365828
05021094,06,,26179.094465,0.8494335801
05021221,06,,34257.143451,0.8891389715
05021222,06,,33021.34967,0.8149527382
05021223,06,,35560.394797,0.9084023401
05021224,06,,35455.066451,0.8545079112
05021261,06,S49A,27743.941454,1.1408328605
05021262,06,S49A,23405.600719,0.9342666546
05021263,06,S49A,25225.218635,0.961135101
05021264,06,S49A,24140.433055,0.8865253978
05021281,06,S49C,23635.351056,1.900364262
05021282,06,S49C,36060.989447,1.8909215249
05021283,06,S49C,26068.02033,1.436886404
05021284,06,S49C,27759.561114,1.3774658247
05021452,06,,51086.034353,1.3955438581
05021471,06,S49B,13435.396122,1.0811920746
05021472,06,S49B,18427.292983,1.190372878
05021473,06,S49B,13796.101805,0.7948589863
05021474,06,S49B,15837.403668,0.7065125703
05021501,06,S49A,17536.036038,1.3623419037
05021502,06,S49A,27154.76574,1.0501156259
05021503,06,S49A,26225.789123,0.9746114627
05021504,06,S49A,25762.851646,0.9870313357
05022081,06,S49E,17328.790255,1.2568305379
05022082,06,S49E,19639.593059,1.3544409247
05022093,06,S49B,19555.258494,0.7265365828
05022161,06,S49A,14395.925051,0.6049506768
05022162,06,S49A,12314.387109,0.5458809017
05022163,06,S49A,16686.979919,0.6386617612
05022164,06,S49A,8657.6469237,0.640933955
05022651,06,S49E,26376.951791,1.884872998
05022652,06,S49E,33193.912085,2.3133139491
05022653,06,S49E,19258.18997,1.5341216797
05022654,06,S49E,21979.281,1.5042107418
05022942,06,S49A,76111.409006,2.6190860387
05022943,06,S49A,47343.134949,1.6822682348
05022944,06,S49A,32734.590489,1.7078634695
05023051,06,S49A,28294.440807,1.3071022452
05023052,06,S49A,27754.176747,1.1398940004
05023053,06,S49A,33254.199987,1.1387247339
05023054,06,S49A,28036.916169,0.9546070514
05023461,06,S49C,12202.179853,1.3781574283
05023462,06,S49C,25740.175786,1.3604585495
05023501,06,S49C,20969.650072,1.1217381171
05023511,06,,35974.945814,1.806376014
05023512,06,,79043.202363,2.0981602543
05023513,06,,68182.063232,1.6492732954
05023514,06,,42111.832237,1.5520317906
05023641,06,S49E,7001.0116979,0.8778511753
05023691,06,S49C,23791.938734,1.235072916
05023744,06,S49C,18826.654962,0.9455130987
05023771,06,,33730.207643,1.1007221309
05023933,06,S49E,15755.481828,1.0371287614
05023934,06,S49E,15033.591056,1.1145016951
05024091,06,S49E,12249.554884,0.8461260764
05024311,06,S49A,27403.45892,0.9225418621
05024312,06,S49A,24966.3793,0.8275341311
05024313,06,S49A,20283.274647,0.6723082214
05024314,06,S49A,24807.770198,0.8597072126
05024384,06,S49E,9632.6530828,0.6682990717
05024451,06,,34967.31702,0.8891389715
05024452,06,,34411.191677,0.8149527382
05024453,06,,38280.054373,0.9084023401
05024454,06,,31973.735469,0.8545079112
05024562,06,S49C,28262.262522,1.4937596773
05024563,06,S49C,23148.214879,1.2460265443
05024564,06,S49C,22452.085216,1.1653316844
05024851,06,S49E,11254.546713,1.2718879802
05024852,06,S49E,12305.382373,1.0640116005
05024853,06,S49E,13239.266603,0.9396714856
05024854,06,S49E,14612.630523,0.9799484067
05025023,06,S49A,17827.533409,1.1779808787
05025024,06,S49A,35962.810829,1.2449976169
05025041,06,S49A,24916.757521,1.1510653248
05025101,06,S49E,5976.388008,0.8275079814
05025221,06,,31140.44262,1.1268210511
05025222,06,,44207.899634,1.236485699
05025223,06,,33962.175462,0.8059371955
05025224,06,,40973.254243,1.0950228174
05025274,06,S49A,25626.781752,0.8597072126
05025441,06,S49A,49400.918592,1.7883490736
05025442,06,S49A,54942.274108,1.9397356632
05025443,06,S49A,34766.833568,1.2500777962
05025444,06,S49A,41492.699751,1.4096337307
05025691,06,S49A,31810.043465,1.4333970868
05025693,06,S49A,24184.698056,1.109810375
05025694,06,S49A,29674.809997,1.0909302494
05025701,06,,14139.652659,0.6049506768
05025751,06,S49B,15428.208086,0.6049506768
05025752,06,S49B,14637.947712,0.5458809017
05025753,06,S49B,17091.50151,0.6386617612
05025754,06,S49B,17050.097019,0.640933955
05025971,06,S49A,30307.772049,1.7351405101
05025972,06,S49A,38742.91391,1.6970838994
05025973,06,S49A,33431.538989,1.2020658856
05025974,06,S49A,39224.193218,1.3325656357
05026141,06,S49E,17259.778806,1.2174127658
05026142,06,S49E,20798.310031,1.6136619355
05026143,06,S49E,16298.838252,1.0728960316
05026144,06,S49E,15981.084144,1.1847432394
05026472,06,S49A,44942.64813,1.4957067099
05026474,06,S49A,29675.835172,1.1145016951
05026591,06,S49A,26110.512219,1.4948445374
05026592,06,S49A,55500.626252,1.9594482722
05026593,06,S49A,39682.337431,1.4268198692
05026594,06,S49A,19870.703926,1.2934861087
05026851,06,,34274.395316,0.8472168674
05026852,06,,33957.976022,0.8275341311
05026853,06,,28540.226315,0.6723082214
05026854,06,,36278.041393,0.8597072126
05026891,06,S49B,37809.274196,1.4679247562
05026892,06,S49B,29297.688119,1.0881621803
05026893,06,S49B,28063.330158,1.0423161858
05026894,06,S49B,23802.45404,1.0772636412
05026961,06,S49E,10588.018934,1.1965629855
05026962,06,S49E,16212.302287,1.1298501042
05026963,06,S49E,11768.610798,0.9374962545
05027081,06,,45243.133162,1.1569648925
05027082,06,,48459.821528,1.2085593093
05027164,06,,53892.868442,1.4098901091
05027512,06,S49A,16402.502659,0.5458809017
05027513,06,S49A,16728.480602,0.6386617612
05027514,06,S49A,19105.428384,0.640933955
05027541,06,S49B,31356.84774,1.2174127658
05027542,06,S49B,43446.248152,1.6136619355
05027543,06,S49B,29849.660492,1.1086633017
05027544,06,S49B,32318.090648,1.2549847838
05027651,06,,32299.275692,0.821296777
05027652,06,,30302.576762,0.7176493084
05027653,06,,33495.339973,0.7948589863
05027654,06,,26436.08764,0.7065125703
05027861,06,S49C,11446.964387,1.052551349
05027862,06,S49C,18101.393628,0.9454893568
05027863,06,S49C,8370.2089266,0.7080754915
05027864,06,S49C,7208.0440677,0.929948757
05027991,06,,25422.304931,1.0281247146
05028091,06,S49E,9740.1716277,0.6727928713
05028092,06,S49E,9790.5582325,0.6431843315
05028093,06,S49E,11427.080669,0.752205115
05028251,06,,32537.746577,0.821296777
05028252,06,,25847.452348,0.7176493084
05028253,06,,38562.682335,0.9084023401
05028254,06,,32209.802837,0.8545079112
05028441,06,S49A,11176.351263,0.783958784
05028473,06,S49A,28916.227318,1.052551349
05028551,06,S49A,17288.026241,0.6049506768
05028552,06,S49A,26102.870929,1.0259650461
05028553,06,S49A,22839.443285,0.8719667625
05028554,06,S49A,23690.469459,0.8897161012
05028581,06,,41463.041575,1.0602997645
05028582,06,,29639.138897,0.9171214521
05028583,06,,34625.190888,0.9870667841
05028584,06,,16950.156372,0.7794216481
05028633,06,S49B,39255.004312,2.0185200406
05028634,06,S49B,32539.806903,1.9023531146
05029701,06,,62604.684339,2.0074928735
05029831,06,S49E,5096.8537897,0.6179558777
05029832,06,S49E,9845.4790731,0.6780844994
05029833,06,S49E,11154.592505,0.8019140494
05029911,06,S49B,17241.989959,1.1061090619
05029912,06,S49B,28911.043918,1.1437460788
05029913,06,S49B,22401.260841,0.9025562774
05029914,06,S49B,27553.881629,1.0489319248
05030021,06,S49A,23051.123716,0.8066156714
05030241,06,,34003.074802,0.8646204952
05030451,06,S49A,21746.108455,0.7534545825
05030452,06,S49A,18715.591198,0.6203458785
05030453,06,S49A,20555.024698,0.6813156325
05030454,06,S49A,16116.61142,0.5585172295
05030571,06,,33477.066818,0.8275079814
05030624,06,S49C,15962.061359,1.3369810313
05030791,06,,31370.35765,1.1268210511
05030801,06,S49A,17739.2428,1.1268210511
05030881,06,S49A,31953.327741,1.107112165
05030883,06,S49A,27802.287558,0.9215329785
05030891,06,S49A,23704.161076,0.821296777
05030911,06,,38084.011105,0.9413854363
05031182,06,S49A,15645.561525,0.5458809017
05031183,06,S49A,17536.26175,0.6386617612
05031184,06,S49A,15193.460098,0.640933955
05031391,06,S49C,30934.696824,1.6764902033
05031521,06,,28758.369119,0.7161165895
05031522,06,,19516.803254,0.5458809017
05031523,06,,24314.036283,0.5769826564
05031524,06,,29075.385598,0.6941077768
05031791,06,S49E,13161.159941,0.9283180454
05031792,06,S49E,15858.592472,1.0418198795
05031793,06,S49E,16247.237211,1.0694993138
05031841,06,S49A,21304.647403,1.6073034352
05031851,06,S49E,17259.778806,1.2174127658
05032032,06,S49E,16212.302287,1.1298501042
05032034,06,S49E,15430.316091,1.0560148539
05032491,06,S49A,36709.065951,1.2718879802
05033141,06,S49A,34508.315322,1.2492260366
05033142,06,S49A,37147.118281,1.2782774638
05033143,06,S49A,40313.624483,1.4324849837
05033144,06,S49A,17492.589798,0.9126417853
05033303,06,S49B,27940.529861,1.0377551897
05033304,06,S49B,29869.842861,1.1599137676
05033311,06,S49A,21271.740989,0.7161165895
05033312,06,S49A,18847.693913,0.6247245473
05033313,06,S49A,17407.339838,0.5769826564
05033314,06,S49A,16909.018696,0.6941077768
05033711,06,S49C,16248.363422,1.235072916
05033712,06,S49C,23929.557137,1.2499115841
05033713,06,S49C,17418.578377,0.9955544331
05033714,06,S49C,18867.500029,1.0959920046
05033912,06,S49B,18824.984901,0.6991895241
05033913,06,S49B,15534.686117,0.5769826564
05033914,06,S49B,15089.973565,0.6941077768
05034101,06,,21069.452134,0.9523970549
05034221,06,S49A,26902.517428,0.9413854363
05034222,06,S49A,26040.769218,0.8666457111
05034223,06,S49A,23082.961098,0.7697545964
05034224,06,S49A,26135.548918,0.8767749352
05034311,06,S49A,19080.803252,0.6727928713
05034313,06,S49A,22619.541459,0.752205115
05034314,06,S49A,23546.276195,0.7889292958
05034411,06,,31994.769419,0.8028023582
05034412,06,,30951.185485,0.7611395572
05034413,06,,33297.650072,0.7879723852
05034414,06,,36034.520909,0.8591708402
05034581,06,S49A,25558.809899,1.087403279
05034644,06,S49E,5273.7788382,0.7534545825
05034661,06,S49E,10104.992672,0.7664597834
05034662,06,S49E,11695.345864,0.796492954
05035493,06,S49B,31754.399746,1.2739236462
05035494,06,S49B,28254.788267,1.0585059651
05035621,06,S49C,33814.823559,1.717842695
05035641,06,S49E,13074.933295,0.9917286302
05035642,06,S49E,14602.361551,0.99447064
05035721,06,S49C,7849.0122072,0.8646204952
05035722,06,S49C,13537.185359,0.6991895241
05035723,06,S49C,11166.053489,0.6196365277
05035724,06,S49C,9512.3191952,0.6116910512
05035742,06,S49B,24416.569211,0.9454893568
05035743,06,S49B,19001.905395,0.7080754915
05035921,06,,26815.423389,1.1975660886
05035922,06,,54743.696114,1.3522002298
05035923,06,,32204.9844,0.9564729555
05035924,06,,36879.866799,1.1118451854
05035944,06,S49C,15874.535705,0.7962597583
05036031,06,S49B,19082.676256,0.8275079814
05036032,06,S49B,26597.876918,1.0229831402
05036181,06,S49A,38441.292948,1.3232342772
05036182,06,S49A,39270.26959,1.4141866551
05036183,06,S49A,33251.213269,1.1904661809
05036184,06,S49A,32710.10333,1.0935867592
05036193,06,,43621.793878,1.0371287614
05036194,06,,36730.147251,1.1145016951
05036424,06,S49A,25536.065468,0.9366251582
05036504,06,S49A,28511.948835,0.9657825485
05037071,06,S49A,18154.899069,0.9324626897
05037072,06,S49A,23205.469491,0.796492954
05037073,06,S49A,20847.012385,0.7331798815
05037074,06,S49A,22625.013047,0.7596863921
05037163,06,S49C,35285.943256,1.7509347762
05037164,06,S49C,32638.611895,1.6969790758
05037444,06,S49C,23795.52757,1.2372006663
05037774,06,S49B,13003.718098,0.8421031176
05038011,06,S49A,52643.457368,1.8594139106
05038012,06,S49A,40726.749663,1.6646787755
05038013,06,S49A,31372.007496,1.4027302227
05038014,06,S49A,26740.44211,1.1213997525
05038403,06,S49C,18797.820732,1.174492004
05038404,06,S49C,18165.456189,1.0248485957
05038701,06,S49C,12264.909663,0.7360509547
05038881,06,S49A,19080.803252,0.6727928713
05038882,06,S49A,18612.014318,0.6431843315
05038883,06,S49A,22619.541459,0.752205115
05038884,06,S49A,17144.537949,0.7889292958
05039053,06,S49E,14214.866326,0.9444129127
05039054,06,S49E,12465.879667,0.8618383736
05039191,06,,27554.910204,0.7534545825
05039192,06,,25267.386483,0.6203458785
05039193,06,,28446.216299,0.6813156325
05039194,06,,23170.702301,0.5585172295
05039521,06,S49C,29847.401496,2.3161161591
05039534,06,S49A,21041.387983,0.7065125703
05039541,06,S49A,27155.76101,0.9575174683
05039581,06,S49A,14208.649559,1.1136821735
05039582,06,S49A,34888.747545,1.2110089177
05039583,06,S49A,32772.22471,1.3677622041
05039584,06,S49A,18299.895886,1.0331312757
05040012,06,S49A,59102.169258,2.4157618166
05040201,06,S49A,21963.792608,0.9344527462
05040202,06,S49A,11478.971626,0.8703602123
05040203,06,S49A,27877.061356,0.9804234853
05040204,06,S49A,25885.623939,0.8691688361
05040271,06,,37517.83943,0.9413854363
05040272,06,,35241.516358,0.8666457111
05040273,06,,32527.814012,0.7697545964
05040274,06,,36772.855011,0.8767749352
05040811,06,S49A,18819.44755,0.7231360652
05040812,06,S49A,24424.287961,0.8426564752
05040813,06,S49A,25477.833502,0.9444129127
05040814,06,S49A,20064.022292,0.8618383736
05040901,06,,34174.271562,0.9344527462
05041071,06,S49A,40443.682865,1.4285069841
05041072,06,S49A,28334.628104,1.3473831912
05041074,06,S49A,30603.084187,1.0772636412
05041281,06,,51210.992734,1.5517536312
05041282,06,,63212.471091,1.5613837575
05041283,06,,37967.908477,1.1276291019
05041284,06,,39582.700371,1.1933295494
05041341,06,S49E,17905.484939,1.2166483216
05041533,06,,38207.540967,0.9084023401
05041534,06,,28161.645283,0.8545079112
05042521,06,S49A,20175.899062,1.7387478071
05042961,06,S49A,22384.836699,0.9139682709
05042962,06,S49A,25341.962897,0.8399832028
05043051,06,S49B,42253.259031,1.6066767823
05043052,06,S49B,40592.134039,1.5076556519
05043071,06,,22273.815749,1.1663051277
05043072,06,,41788.71213,1.0259650461
05043073,06,,36406.261576,0.8719667625
05043074,06,,36910.852209,0.8897161012
05043084,06,S49E,13091.69981,0.8697915314
05043231,06,S49A,28871.886171,1.4215638234
05043234,06,S49A,34808.914155,1.2089195388
05043272,06,S49E,11966.401069,0.8149527382
05043361,06,S49B,17601.557862,0.6954497587
05043362,06,S49B,17325.192338,0.6708880686
05043363,06,S49B,21152.546736,0.7882156876
05043364,06,S49B,21208.453093,0.7962597583
05043721,06,S49B,42975.731096,1.6576466292
05043751,06,S49E,11120.31367,1.2014085187
05043753,06,S49E,24064.184133,1.6216491067
05044094,06,S49E,12614.879489,0.8343325233
05044191,06,S49A,9125.0777723,0.7863941487
05044321,06,,24141.970571,0.6552938707
05044891,06,S49A,27155.76101,0.9575174683
05044892,06,S49A,33015.669318,1.1409383658
05044893,06,S49A,24703.187257,0.8214960434
05044894,06,S49A,22073.770255,1.015754643
05045093,06,,42999.818583,1.0298891173
05045094,06,,34276.338687,1.0477246898
05045113,06,S49A,24703.187257,0.8214960434
05045114,06,S49A,30316.07458,1.015754643
05045203,06,S49A,32858.659539,1.122682108
05045204,06,S49A,32124.70104,1.2106388595
05045332,06,S49B,20953.893508,0.8059094282
05045334,06,S49B,23711.435253,0.8921405443
05045353,06,S49E,7926.0018307,0.9801801829
05045354,06,S49E,12990.428045,0.8591708402
05045661,06,S49E,14965.336833,1.2568305379
05045662,06,S49E,19990.71239,1.3544409247
05090631,06,S49E,9727.975887,0.6708880686
05090632,06,S49E,9757.0443483,0.7882156876
05090633,06,S49E,11700.346984,0.7962597583
05090761,06,,28123.063054,0.6991895241
05090762,06,,24078.56785,0.6196365277
05090763,06,,25194.146709,0.6116910512
05090801,06,S49B,25930.880758,1.1576420534
05090802,06,S49B,20759.593614,0.8676163003
05091072,06,S49A,21980.049008,0.7948589863
05091241,06,S49E,15314.657222,1.4784137751
05091242,06,S49E,10637.477546,1.3096909163
05091401,06,S49A,15584.752864,0.5458809017
05091403,06,S49A,19336.725369,0.640933955
05091462,06,,35731.764272,1.360214956
05091463,06,,38443.543235,1.2233980476
05091531,06,S49E,7666.9874415,0.6708880686
05091532,06,S49E,6478.4402164,0.7882156876
05091533,06,S49E,10306.902452,0.7962597583
05092172,06,,34762.087916,0.8880093202
05092241,06,S49B,18635.341751,1.2038124869
05092242,06,S49B,29003.242902,1.3898311124
05092243,06,S49B,20734.14537,0.9950585108
05092431,06,S49A,27345.083985,0.95535906
05092432,06,S49A,25001.590057,0.9041262156
05092433,06,S49A,26892.163175,0.9175152337
05092451,06,S49E,10856.122401,0.7486904855
05092452,06,S49E,11214.614328,0.7339873262
05092453,06,S49E,8895.2378893,0.8065333909
05092481,06,S49C,17783.024301,0.9324842148
05092482,06,S49C,12910.451777,0.7675793653
05092483,06,S49C,19202.26122,0.9528413824
05092581,06,S49E,19533.111887,1.5361681521
05092582,06,S49E,13942.073649,0.9952427499
05092583,06,S49E,17360.139255,1.1691788977
05092821,06,S49E,16543.774485,1.1409383658
05092941,06,S49A,17881.387145,0.6247245473
05092942,06,S49A,17401.983733,0.5769826564
05092943,06,S49A,11617.399527,0.6941077768
05093052,06,S49B,13865.101549,1.1818574633
05093053,06,S49B,28749.428846,1.1830559169
05093152,06,,28519.928818,0.7948589863
05093242,06,,41691.860855,1.0728960316
05093243,06,,48796.84757,1.1847432394
05093282,06,S49A,16686.979919,0.6386617612
05093283,06,S49A,16376.718947,0.640933955
05094012,06,S49A,41516.255031,1.5286028649
05094221,06,S49A,21785.971356,0.7611395572
05094222,06,S49A,23765.502269,0.7879723852
05094223,06,S49A,14380.088002,0.8591708402
05094262,06,S49B,15958.169744,0.7318120951
05094263,06,S49B,17147.837169,0.8825998381
05094313,06,,43228.184188,1.0418489957
05094541,06,S49B,24217.050646,1.0831839889
05094542,06,S49B,13326.464749,1.1359442099
05094543,06,S49B,21698.511762,0.8929065292
05094681,06,S49E,12927.078765,0.8937963838
05094682,06,S49E,10633.535583,1.0785412295
05094683,06,S49E,16455.541433,1.0766703293
05094862,06,S49A,16374.740308,0.6701329903
05095021,06,S49E,12470.105398,1.2038124869
05095022,06,S49E,9255.7089515,1.3898311124
05095023,06,S49E,13726.57778,0.9950585108
05095241,06,,21956.626192,0.5458809017
05095242,06,,27068.362671,0.6386617612
05095243,06,,26124.774127,0.640933955
05095271,06,S49E,16543.774485,1.1409383658
05095272,06,S49E,12551.662637,0.8214960434
05095273,06,S49E,11202.734182,1.015754643
05095741,06,,37735.062028,1.0640116005
05095742,06,,26316.069341,0.9396714856
05095743,06,,37775.206523,0.9799484067
05095781,06,S49C,13874.614561,0.8275341311
05095782,06,S49C,7139.1647476,0.6723082214
05095783,06,S49C,18115.506374,0.925285828
05095791,06,S49B,20214.108124,0.9492038579
05095792,06,S49B,9513.9545331,0.9187443805
05095793,06,S49B,20675.517473,0.9223426579
05095883,06,,34623.318428,0.8494335801
05095963,06,S49E,13386.941832,1.0124150724
05096401,06,,21956.626192,0.5458809017
05096403,06,,26124.774127,0.640933955
05096594,06,S49A,31344.94447,1.1391527893
05096612,06,,26183.66965,0.9418467167
05096721,06,S49B,20594.604316,1.0229831402
05096722,06,S49B,12664.503201,0.7857287732
05097141,06,S49E,11786.75415,0.8149527382
05097142,06,S49E,13678.72575,0.9084023401
05097143,06,S49E,13060.070436,0.8545079112
05097272,06,S49A,32329.499159,1.2318234735
05097273,06,S49A,28269.432623,1.0381574325
05097291,06,S49E,11690.771167,1.0229831402
05097292,06,S49E,6131.4925786,0.6701329903
05097293,06,S49E,6403.4966864,0.9357736599
05097431,06,S49C,15581.424943,0.8149527382
05097432,06,S49C,16779.496538,0.9084023401
05097433,06,S49C,16729.796398,0.8545079112
05097791,06,S49A,29280.676821,1.0229831402
05097792,06,S49A,23697.834207,0.7857287732
05097793,06,S49A,25882.975462,0.8923392769
05098211,06,S49C,19035.99429,1.1020581549
05098212,06,S49C,15058.865943,1.0073762087
05098521,06,,28865.559413,0.7176493084
05098522,06,,28310.904734,0.7948589863
05098523,06,,29099.626867,0.7065125703
05098542,06,,26019.531145,0.752205115
05098851,06,S49A,27365.687103,1.3383042552
05098852,06,S49A,19613.260284,0.9914129326
05098853,06,S49A,30468.849858,1.1189281145
05098991,06,S49A,15624.658548,0.5458809017
05098992,06,S49A,10306.991016,0.6386617612
05098993,06,S49A,18590.774002,0.640933955
05099141,06,S49B,15072.56933,0.7486904855
05099142,06,S49B,17114.549217,0.7339873262
05099143,06,S49B,9722.5238504,0.8065333909
05099201,06,,60160.875785,1.4957067099
05099202,06,,36939.952956,1.0371287614
05099203,06,,45903.760005,1.1145016951
05099411,06,,35297.412154,0.8775566431
05099412,06,,37240.873765,0.958354577
05099413,06,,37367.193705,0.9072416011
05100271,06,,57544.623015,1.4306619981
05100272,06,,36096.949592,1.0134605387
05100273,06,,47430.715992,1.1515748027
05100301,06,S49A,32573.483354,1.1409383658
05100302,06,S49A,20176.255508,0.8214960434
05100303,06,S49A,30644.918124,1.015754643
05100451,06,S49B,17320.743344,0.6780844994
05100672,06,S49C,13756.692095,0.7882156876
05100673,06,S49C,7184.6145229,0.7962597583
05100681,06,S49A,24835.659425,0.8676869398
05100682,06,S49A,22991.331026,0.7623038529
05100683,06,S49A,26675.872389,0.9196751244
05100812,06,S49E,5981.5048932,1.0175467675
05100991,06,S49A,22041.087676,1.0779075751
05100992,06,S49A,17898.429584,0.9047315085
05100993,06,S49A,14935.12762,0.9728654776
05101161,06,S49B,18141.200743,0.8703602123
05101641,06,,26061.406654,0.6431843315
05101721,06,,50726.376929,1.4303263491
05101722,06,,20488.422973,1.100958355
05101723,06,,47927.329823,1.243310489
05102002,06,,27535.712449,0.8019140494
05102022,06,S49B,16792.569248,0.7661467793
05102023,06,S49B,22463.5762,0.8343325233
05102361,06,S49C,22388.759564,1.1563693434
05102362,06,S49C,15970.34388,0.8046945734
05102363,06,S49C,18583.329797,0.9423535505
05102391,06,S49B,34274.267096,1.5698161525
05102721,06,S49C,20335.761759,1.0090871656
05102722,06,S49C,16538.634876,0.8206687503
05102723,06,S49C,18321.623694,0.9525960278
05102731,06,S49E,12397.633824,0.8399832028
05102732,06,S49E,10461.768202,0.7262932803
05102733,06,S49E,7997.4385866,0.9123446619
05102751,06,S49A,18612.014318,0.6431843315
05102752,06,S49A,22619.541459,0.752205115
05102753,06,S49A,17144.537949,0.7889292958
05102821,06,S49B,21796.762207,0.8426564752
05103072,06,S49E,11709.582522,0.7661467793
05103073,06,S49E,12170.040809,0.8343325233
05103111,06,S49B,24736.205662,0.9981730969
05103112,06,S49B,23476.899287,0.9418467167
05103113,06,S49B,24127.39675,0.9038819594
05103214,06,,33988.40121,0.8059094282
05103391,06,S49A,29878.88574,1.0759875581
05103392,06,S49A,32344.758532,1.1580131182
05103393,06,S49A,28033.953509,0.9372504897
05103752,06,,38955.908167,0.9261951239
05104081,06,S49A,33554.103835,1.1576420534
05104122,06,S49A,17407.339838,0.5769826564
05104123,06,S49A,19985.728776,0.6941077768
05104181,06,S49A,41865.791682,1.5076556519
05104281,06,,22197.849109,0.5458809017
05104361,06,,29230.664798,0.7176493084
05104362,06,,33186.866077,0.7948589863
05104363,06,,23113.575907,0.7065125703
05104401,06,,46609.991728,1.1428552461
05104402,06,,36377.55868,0.8779923808
05104403,06,,38808.419155,1.0331222284
05104452,06,S49B,34297.054784,1.3130876341
05104453,06,S49B,30331.831547,1.2808671158
05104701,06,S49A,25562.514617,1.7316171611
05104702,06,S49A,29908.886919,1.1086633017
05104703,06,S49A,29216.664572,1.2549847838
05104741,06,S49B,18772.949928,0.7220279772
05104742,06,S49B,17521.988926,0.6905260102
05104743,06,S49B,13003.718098,0.8421031176
05105491,06,S49E,20036.055362,1.3728225457
05105531,06,,23905.465807,1.1439202718
05105532,06,,20511.472938,0.9077340327
05105533,06,,31636.906281,0.9599576456
05105771,06,S49E,8002.31429,0.5458809017
05105772,06,S49E,9729.2241877,0.6386617612
05105773,06,S49E,9690.7460479,0.640933955
05105803,06,S49A,34976.132753,1.1847432394
05106041,06,S49E,16222.516092,1.1048086917
05106431,06,S49E,16489.92385,1.1298501042
05106433,06,S49E,12627.569294,1.0560148539
05106541,06,S49B,39038.276792,1.7880154024
05106841,06,,29360.741582,0.7220279772
05107011,06,S49A,37265.89012,1.2352129891
05107012,06,S49A,27153.852453,0.9000399868
05107021,06,S49A,25851.786889,0.8933726348
05107022,06,S49A,20151.552621,0.6701329903
05107222,06,S49A,25886.027592,0.9595438605
05107223,06,S49A,31083.520603,1.0886615421
05107261,06,S49A,19621.930747,0.6780844994
05107262,06,S49A,23627.630558,0.7857287732
05107263,06,S49A,28219.655024,0.9455130987
05107341,06,,22361.739494,0.5458809017
05107343,06,,27079.908483,0.640933955
05107411,06,S49E,11947.09834,0.8136381565
05107412,06,S49E,20383.100134,1.3735864029
05107413,06,S49E,13601.30145,0.9450994037
05107421,06,S49A,43352.863782,1.4957067099
05107422,06,S49A,30814.403105,1.0371287614
05107423,06,S49A,25946.148998,1.1145016951
05107462,06,S49C,27120.570048,1.8153841705
05107463,06,S49C,27995.564351,1.757595717
05107501,06,S49C,40310.445968,2.0002571896
05107502,06,S49C,29423.998798,1.9695700184
05107503,06,S49C,31868.498908,1.6794083148
05107591,06,S49A,29602.364234,1.0229831402
05107921,06,S49A,46519.131718,1.9014385352
05107923,06,S49A,38958.770831,1.3713933885
05108271,06,S49E,13861.896647,0.9440424538
05108272,06,S49E,6444.7616376,0.7970005276
05108273,06,S49E,11671.911414,0.9896691354
05108293,06,,39948.590618,0.9455130987
05108442,06,S49A,26246.202935,0.9396714856
05108542,06,S49C,25192.357123,1.2500777962
05108601,06,S49E,9940.3464423,0.6780844994
05108602,06,S49E,11969.60872,0.7857287732
05108651,06,S49C,12010.673579,0.6203458785
05108661,06,S49A,34711.418304,1.2048537157
05108662,06,S49A,39158.566849,1.4019623629
05108663,06,S49A,34371.725994,1.1491392753
05108681,06,S49E,18458.811154,1.2571080149
05108682,06,S49E,14652.453835,0.9734855248
05108791,06,S49B,33047.525549,1.3335574329
05108792,06,S49B,34108.550091,1.368367497
05109132,06,S49E,13296.160981,0.9396714856
05109183,06,S49E,12313.69254,0.8399832028
05109184,06,S49E,11064.182295,0.7262932803
05109971,06,,29446.479623,0.7176493084
05109972,06,,30355.712361,0.7948589863
05109973,06,,23284.227254,0.7065125703
05110051,06,S49A,25851.786889,0.8933726348
05110151,06,S49B,26746.461504,0.9934056144
05110191,06,S49A,45071.013093,1.4939211333
05110192,06,S49A,34796.145279,1.1533509727
05110341,06,S49C,18844.725183,0.9350999754
05110342,06,S49C,13928.915809,0.691171068
05110343,06,S49C,14832.96805,0.75217414
05110641,06,S49B,26367.781159,1.0640116005
05110881,06,S49A,28441.794388,0.9812634967
05110882,06,S49A,24344.543665,0.9024040992
05110883,06,S49A,25221.518761,0.8543261215
05110981,06,S49E,14996.371142,1.0229831402
05111101,06,S49A,23946.59873,0.8275341311
05111102,06,S49A,20216.963941,0.6723082214
05111103,06,S49A,25658.704249,0.8597072126
05111601,06,,35450.751952,0.8703602123
05111602,06,,40934.534888,0.9804234853
05111603,06,,36058.42629,0.8691688361
05111731,06,,12963.890538,0.6203458785
05111732,06,,15395.244262,0.6813156325
05111761,06,S49A,25108.512375,0.8676869398
05111762,06,S49A,22923.220358,0.7623038529
05111811,06,S49B,17325.192338,0.6708880686
05111812,06,S49B,20000.84913,0.7882156876
05111861,06,S49A,19621.930747,0.6780844994
05111862,06,S49A,23038.780901,0.7661467793
05111863,06,S49A,24901.374731,0.8343325233
05111941,06,S49C,12967.913462,0.6708880686
05111943,06,S49C,15874.535705,0.7962597583
05111963,06,S49A,25642.69575,0.8591708402
05112063,06,S49A,25918.947602,0.9001694808
05112391,06,S49E,20604.735785,1.3481481453
05112392,06,S49E,14041.843458,0.9187443805
05112461,06,S49A,33015.669318,1.1409383658
05112462,06,S49A,24703.187257,0.8214960434
05112463,06,S49A,30316.07458,1.015754643
05112751,06,,25403.968508,0.6247245473
05112752,06,,24381.776507,0.5769826564
05112753,06,,29111.603915,0.6941077768
05113392,06,S49A,44205.307802,1.465226517
05113843,06,,23353.392165,0.7138430328
05114251,06,,43514.144986,1.0229831402
05114252,06,,35973.400074,0.8474078781
05114253,06,,37655.053662,0.8923392769
05114291,06,S49B,23433.586015,0.8703602123
05114431,06,,35580.975593,0.8426564752
05114432,06,,39797.539101,0.9444129127
05114433,06,,32248.024642,0.8618383736
05114782,06,,29838.285437,0.7080754915
05114831,06,,34665.255187,0.8149527382
05114832,06,,38562.682335,0.9084023401
05114833,06,,32209.802837,0.8545079112
05114951,06,S49A,26703.818458,0.9427776671
05115242,06,S49C,24209.533324,1.2410707892
05115621,06,S49A,51774.186747,1.7816126576
05115701,06,,22995.679123,0.6431843315
05115702,06,,31697.906787,0.752205115
05115703,06,,33047.351224,0.7889292958
05115781,06,,36568.614728,1.1398940004
05115782,06,,39652.420562,1.1387247339
05115783,06,,38692.315859,0.9546070514
05115861,06,S49A,29081.35996,0.9678376116
05115862,06,S49A,21374.645211,0.7127868616
05115863,06,S49A,22722.33397,0.8533569343
05115891,06,S49E,8647.0020391,0.6708880686
05115893,06,S49E,12024.251457,0.7962597583
05115901,06,S49A,47970.516179,1.9702008849
05116031,06,S49A,28521.457254,0.9492038579
05116032,06,S49A,24064.690391,0.9187443805
05116033,06,S49A,24559.21674,0.9223426579
05116192,06,S49C,18929.24893,1.1436032788
05116193,06,S49C,24315.868364,1.2620677129
05116301,06,S49A,29319.849089,1.0229831402
05116302,06,S49A,13904.881098,0.7857287732
05116303,06,S49A,22413.566055,0.9455130987
05116342,06,S49B,17195.334878,0.6386617612
05116343,06,S49B,16505.189485,0.640933955
05116561,06,S49E,20290.672369,1.7544770351
05116562,06,S49E,18468.584063,1.4712210882
05116563,06,S49E,10344.300097,1.3291985099
05116621,06,S49B,21930.385672,0.8145289891
05116622,06,S49B,19703.315288,0.7318120951
05116623,06,S49B,22728.515869,0.8825998381
05116941,06,S49E,14635.387655,1.1437460788
05116942,06,S49E,12716.341151,0.9025562774
05116943,06,S49E,8163.1648922,1.0489319248
05117521,06,S49A,35185.8628,1.1662685266
05117522,06,S49A,25376.690598,0.9124454027
05117523,06,S49A,22752.853439,0.9657825485
05117692,06,S49E,4144.6718118,0.7050729674
05117901,06,,47015.891615,1.1134670944
05117902,06,,43399.504458,1.0298891173
05117903,06,,39203.466274,1.0477246898
05118462,06,S49A,29039.240587,1.1086633017
05118463,06,S49A,15262.914887,1.2549847838
05118482,06,,46023.449301,1.1775951121
05118483,06,,42495.208755,1.0484310651
05118821,06,S49C,21179.551729,1.1062706636
05118822,06,S49C,18405.435915,1.0519580257
05118823,06,S49C,17381.15574,1.0096519248
05119041,06,,34411.191677,0.8149527382
05119201,06,,81763.143867,2.0021772067
05119202,06,,58748.492996,1.485524743
05119203,06,,57064.49896,1.4928630632
05119271,06,S49A,24474.778049,0.8145289891
05119272,06,S49A,21945.163046,0.7318120951
05119283,06,,23881.167533,1.1062390861
05119491,06,S49A,35405.361567,1.2214140552
05119493,06,S49A,25975.222674,0.9755219873
05119571,06,S49E,8289.9316396,0.6431843315
05119572,06,S49E,9702.1933507,0.6386617612
05119573,06,S49E,9678.6896009,0.640933955
05120041,06,S49E,40567.052336,2.7555841234
05120042,06,S49E,27986.871491,1.963056518
05120043,06,S49E,18729.883569,1.9289524961
05120081,06,,64215.721057,1.6133262865
05120082,06,,40833.398744,1.044798065
05120083,06,,52397.165231,1.2667394869
05120271,06,,37022.096435,0.8703602123
05120272,06,,41620.059471,0.9804234853
05120273,06,,32762.431427,0.8691688361
05120353,06,,34034.205261,0.8065333909
05120441,06,S49A,22274.253968,0.7383011042
05120452,06,,63106.740409,1.5840329778
05120453,06,,51026.144979,1.3251103134
05120591,06,S49A,31812.618633,1.2594606096
05120592,06,S49A,26095.294713,1.0530920375
05120642,06,S49B,24310.144918,0.9084023401
05120643,06,S49B,18577.088779,0.8545079112
05120661,06,S49E,12726.456427,0.8666457111
05120662,06,S49E,10214.042387,0.7697545964
05120832,06,S49A,25875.114969,1.0442065454
05120833,06,S49A,29840.033449,1.0137570688
05120991,06,,80761.934638,1.9631656921
05120992,06,,59706.592209,1.4986863596
05120993,06,,57061.848698,1.4818529646
05121511,06,S49E,9830.2573487,0.6431843315
05121512,06,S49E,11496.501853,0.752205115
05121513,06,S49E,11532.807031,0.7889292958
05121613,06,S49C,15854.785884,0.7962597583
05121801,06,S49A,38123.505054,1.2687632947
05121802,06,S49A,31586.179634,1.0533140376
05121803,06,S49A,28585.751647,1.0735626641
05122412,06,S49B,20870.398168,0.8408771726
05122421,06,S49C,10956.509774,0.5458809017
05122422,06,S49C,11174.255845,0.6386617612
05122423,06,S49C,12762.004505,0.640933955
05122531,06,S49E,20928.126347,1.4585001757
05122671,06,S49A,34235.790254,1.2086937498
05122672,06,S49A,24357.995295,0.8758171497
05122673,06,S49A,31992.666623,1.1091886756
05122891,06,S49A,16469.012131,0.5458809017
05122892,06,S49A,19268.174175,0.6386617612
05122893,06,S49A,18494.834095,0.640933955
05123191,06,S49B,17317.100603,0.6431843315
05123192,06,S49B,20252.377136,0.752205115
05123193,06,S49B,20316.332777,0.7889292958
05123291,06,S49C,17076.037379,1.0120690715
05123292,06,S49C,15011.380038,0.9069067396
05123293,06,S49C,9202.5614691,0.8967990303
05123371,06,,27158.310266,0.6431843315
05123372,06,,31697.906787,0.752205115
05123373,06,,33047.351224,0.7889292958
05123471,06,S49C,22215.492662,1.3659347484
05123472,06,S49C,19784.137943,1.0142085501
05123473,06,S49C,21728.049041,1.1075236634
05124021,06,,24264.747628,0.6737058306
05124022,06,,36952.826743,0.8704797554
05124023,06,,27046.217839,0.640933955
05124152,06,,33093.024031,0.9503542142
05124281,06,S49E,12771.156274,0.835604534
05124282,06,S49E,12695.069611,0.8306262565
05124973,06,S49A,31020.793093,1.0754937315
05125281,06,S49A,25605.06601,0.8933726348
05125282,06,S49A,18400.393195,0.6701329903
05125283,06,S49A,22182.690823,0.9357736599
05125421,06,S49B,32411.457992,1.2038124869
05201471,06,S49B,9945.1445474,0.6905260102
05201472,06,S49B,16361.035338,0.8421031176
05201741,06,S49A,21608.383051,0.8059371955
05201742,06,S49A,21051.815538,1.0950228174
05201881,06,S49A,17752.965516,0.7265365828
05201882,06,S49A,24638.463282,0.8494335801
05202001,06,S49B,15766.835854,0.9084023401
05202002,06,S49B,19154.91287,0.8545079112
05202061,06,S49B,23654.774624,1.0099461989
05202062,06,S49B,23642.403337,0.9728988116
05202151,06,S49B,12781.861705,0.7691904541
05202152,06,S49B,17193.686363,0.7670168546
05202371,06,S49E,8353.8314066,0.8473147549
05202464,06,S49E,14235.34645,1.1086633017
05202601,06,,38878.951462,1.0915682222
05202713,06,S49E,15617.088671,1.0371287614
05202714,06,S49E,17033.745912,1.1145016951
05202741,06,S49B,16301.947817,0.6813156325
05202742,06,S49B,14608.953402,0.5585172295
05202901,06,,27268.212862,0.6386617612
05202902,06,,26317.657648,0.640933955
05202921,06,S49B,19888.85778,0.8059371955
05203071,06,S49A,34787.286782,1.1703424066
05203072,06,S49A,36258.1641,1.201810962
05203171,06,S49E,12005.173445,0.7857287732
05203172,06,S49E,13893.495454,0.9455130987
05203191,06,S49A,50895.377893,1.8913908924
05203192,06,S49A,27327.441336,1.7654151121
05203291,06,S49C,33689.712006,1.8742958128
05203292,06,S49C,26239.537716,1.5049811964
05203311,06,S49A,21912.578578,0.7265365828
05203372,06,S49A,11474.030926,0.8494335801
05203471,06,,30095.113001,0.7744659664
05203472,06,,32957.700937,0.8001831126
05203581,06,S49E,11196.139476,0.8719667625
05203582,06,S49E,13210.634783,0.8897161012
05203711,06,S49C,11624.141073,0.5769826564
05204043,06,,17738.288101,0.7882156876
05204044,06,,24540.305352,0.7962597583
05204213,06,S49E,6345.8185261,0.7879723852
05204214,06,S49E,12624.770804,0.8591708402
05204281,06,S49B,8185.5846079,0.5769826564
05204282,06,S49B,13485.666573,0.6941077768
05204371,06,,40827.859722,1.1070087156
05204411,06,S49B,10152.665595,0.9804234853
05204412,06,S49B,19483.556685,0.8691688361
05204452,06,,32695.555532,0.7962597583
05204641,06,,37043.152816,0.9724362316
05204642,06,,33652.979953,1.063097783
05204951,06,,36044.815339,0.9374962545
05204952,06,,45101.33923,1.0560148539
05205001,06,S49A,20277.033639,0.6723082214
05205002,06,S49A,24936.457762,0.8597072126
05205041,06,S49C,18448.279993,1.0263529097
05205042,06,S49C,20516.543518,1.1767361355
05205141,06,S49A,23772.84035,0.7882156876
05205142,06,S49A,17335.253648,0.7962597583
05205152,06,,28292.164498,0.6941077768
05205181,06,S49A,21290.180414,0.7059002604
05205182,06,S49A,29180.231688,1.0060152042
05205421,06,S49E,10818.70663,0.7080754915
05205422,06,S49E,13664.790944,0.929948757
05205441,06,,28611.904039,0.6701329903
05205501,06,S49A,10653.145703,0.6701329903
05205502,06,S49A,20372.590202,0.9357736599
05205701,06,S49A,26600.920327,0.9619623941
05205831,06,S49A,17667.474438,0.9084023401
05205832,06,S49A,21463.972647,0.8545079112
05205961,06,,27685.997763,0.7072481985
05205962,06,,35964.678234,0.8667901417
05206161,06,S49A,20146.456736,0.7948589863
05206271,06,S49A,30245.585408,1.0175467675
05206272,06,S49A,30269.803616,1.0033211197
05206742,06,,55042.486738,1.4384312152
05206971,06,,21930.039286,0.6386617612
05207051,06,S49A,16081.5146,0.6386617612
05207052,06,S49A,19336.725369,0.640933955
05207092,06,S49A,12471.694616,0.6905260102
05207093,06,S49A,11375.012056,0.8421031176
05207651,06,S49A,25558.095979,0.8474078781
05207701,06,S49C,23740.578959,1.3207850435
05207702,06,S49C,22210.658143,1.4869582041
05207761,06,S49A,11994.405575,0.9124117129
05207762,06,S49A,33836.179615,1.2425888352
05207773,06,S49A,12179.482861,0.7661467793
05208391,06,S49A,17585.392671,0.9444129127
05208471,06,,38098.453463,0.9804234853
05208472,06,,23481.48757,0.8691688361
05208491,06,S49C,14682.187638,0.7948589863
05208681,06,S49A,34676.154117,1.2886467258
05208682,06,S49A,37641.749821,1.4421379712
05208861,06,S49C,19120.978174,1.0351646297
05208862,06,S49C,16987.694062,0.8767749352
05208881,06,,26475.367335,0.6813156325
05208882,06,,23004.039361,0.5585172295
05208961,06,S49E,8815.7352773,0.5769826564
05209161,06,S49E,12005.173445,0.7857287732
05209162,06,S49E,13893.495454,0.9455130987
05209281,06,S49A,17983.728912,0.9658053204
05209421,06,S49B,49403.377223,0.9914129326
05209422,06,S49B,55674.616591,1.1189281145
05209681,06,,26351.395027,0.9564729555
05209682,06,,43132.618331,1.1189281145
05209851,06,S49A,27111.420551,0.9804234853
05209852,06,S49A,25475.14124,0.8691688361
05210731,06,S49B,30241.66417,0.7857287732
05210732,06,S49B,27217.09336,0.9455130987
05210741,06,S49B,20486.131185,1.1387247339
05210742,06,S49B,9885.3264044,0.9546070514
05211011,06,S49A,29252.771024,1.4786718316
05211051,06,S49E,12154.190884,0.8676163003
05211052,06,S49E,10146.84314,1.0418489957
05211141,06,S49E,13230.012865,0.9444129127
05211142,06,S49E,12796.702207,0.8618383736
05211212,06,S49B,19024.921074,0.8343325233
05211491,06,S49B,17107.012037,0.7149620927
05211531,06,S49E,10272.217439,0.6723082214
05211541,06,S49E,18230.660075,1.468218564
05211542,06,S49E,17075.650242,1.29138125
05211711,06,S49E,15282.144279,1.1494074624
05211712,06,S49E,16711.264764,1.2114225771
05211781,06,,29266.521989,0.6905260102
05211782,06,,25762.961284,0.8421031176
05211871,06,,59904.430022,1.6242518366
05211872,06,,53568.193022,1.3999033392
05211902,06,S49E,15758.751472,1.0613278733
05211951,06,S49A,21912.578578,0.7265365828
05212121,06,,26670.839343,0.6813156325
05212122,06,,15200.319754,0.5585172295
05212174,06,,36970.067716,0.9444129127
05212531,06,S49B,21410.970112,0.8676163003
05212772,06,S49A,20707.723021,0.7065125703
05213111,06,S49A,25405.82274,0.9187443805
05213201,06,S49B,24653.366173,0.9932945541
05213202,06,S49B,23535.068121,0.9143245302
05213241,06,,32652.984065,0.7691904541
05213242,06,,28911.91683,0.7670168546
05213321,06,S49A,32368.851345,1.0728960316
05213322,06,S49A,34187.032045,1.1847432394
05213721,06,S49E,18392.662859,1.2432460203
05213722,06,S49E,10645.972633,1.1757742552
05213993,06,,20314.5832,1.0377551897
05213994,06,,47071.751755,1.1528308385
05214094,06,S49E,14328.442086,0.9374962545
05214221,06,S49E,9981.1744742,0.752205115
05214222,06,S49E,11913.554762,0.7889292958
05214441,06,S49A,37890.168963,1.2974743817
05214661,06,S49A,19702.523996,0.752205115
05214662,06,S49A,23516.981811,0.7889292958
05214681,06,S49C,17466.314399,0.8719667625
05214682,06,S49C,15824.710751,0.8897161012
05214702,06,,40636.776291,1.063097783
05214992,06,S49A,19778.009579,0.8343325233
05215132,06,S49C,18405.435915,1.0519580257
05215133,06,S49C,17381.15574,1.0096519248
05215461,06,S49C,31813.985811,1.6309033285
05215462,06,S49C,26976.146923,1.3750300824
05215581,06,S49A,19151.824046,0.6386617612
05215684,06,S49A,27802.287558,0.9215329785
05215701,06,S49E,10740.657426,0.8556087274
05216012,06,S49A,29157.171122,1.0950228174
05216171,06,S49A,32060.865566,1.0626875532
05216172,06,S49A,27143.162161,0.9406396503
05216481,06,S49A,25222.650761,0.9069067396
05216512,06,S49C,14160.624282,0.7111754994
05216682,06,S49A,25102.026004,0.8421031176
05216891,06,,41315.023828,0.9804234853
05216892,06,,32522.313815,0.8691688361
05217001,06,S49A,37145.431027,1.335602751
05217042,06,,36519.888794,1.0950228174
05217471,06,,38562.682335,0.9084023401
05217472,06,,32209.802837,0.8545079112
05217631,06,,35012.824701,0.8308695589
05217632,06,,26710.376813,0.7138430328
05217751,06,S49A,50797.193059,1.8050030779
05217752,06,S49A,33501.770895,1.7478896122
05217761,06,,33460.626234,0.7882156876
05217762,06,,33600.677124,0.7962597583
05217842,06,,20898.439812,0.5585172295
05217851,06,S49A,17790.774056,1.2865646178
05217852,06,S49A,36790.32044,1.2498795443
05218061,06,S49B,25241.157406,0.9374962545
05218101,06,,32123.467378,0.7623038529
05218102,06,,38524.145332,0.9196751244
05218201,06,,39353.485528,0.9338753283
05218202,06,,42999.162046,1.1491658264
05218211,06,S49A,20095.565285,0.6701329903
05218212,06,S49A,27894.226079,0.9357736599
05218292,06,S49A,23221.725244,0.8721120062
05218431,06,S49E,11427.080669,0.752205115
05218432,06,S49E,11913.554762,0.7889292958
05218451,06,S49C,13647.392944,0.6813156325
05218452,06,S49C,9933.9256577,0.5585172295
05218551,06,S49A,25555.502179,0.9756607559
05218552,06,S49A,27266.527907,1.0579983224
05218591,06,,38925.04337,0.9237082096
05218592,06,,38491.448992,1.028695809
05218602,06,S49A,18851.499351,0.8001831126
05218871,06,S49E,16645.032767,1.3259556411
05219003,06,S49A,17191.759152,1.2432460203
05219004,06,S49A,34209.540275,1.1860478878
05219122,06,S49A,29310.685535,1.015754643
05219222,06,S49B,31910.126924,1.2391426268
05219521,06,S49E,13482.598729,0.9456971038
05219522,06,S49E,15479.879919,1.1233545338
05219701,06,S49E,17108.72474,1.2143105261
05219761,06,S49A,20430.903972,0.6813156325
05219762,06,S49A,13158.09722,0.5585172295
05219811,06,,33580.111305,0.9572745052
05219812,06,,29598.007811,0.7248826502
05219951,06,S49A,29124.048372,1.1753192971
05219952,06,S49A,19446.139208,1.088007211
05220082,06,,29857.526055,1.1085237037
05220171,06,S49A,34952.596127,1.4105340091
05220172,06,S49A,37436.729652,1.2979348384
05220651,06,S49B,22248.121991,0.8263302154
05220881,06,,35973.400074,0.8474078781
05220882,06,,37655.053662,0.8923392769
05221141,06,S49C,13831.885472,0.6905260102
05221342,06,,33628.326503,0.8921405443
05221481,06,S49E,13246.432838,0.8719667625
05222001,06,S49C,18917.478929,0.9444129127
05222981,06,S49E,7135.1032951,1.0185380131
05222982,06,S49E,9726.8305665,1.074261353
05223091,06,S49E,16692.476396,1.0988078662
05223092,06,S49E,8314.7565126,1.0684108024
05223131,06,S49B,33098.070427,1.3335352615
05223132,06,S49B,39549.040536,1.5364586039
05223622,06,,108871.07154,0.9045740677
05223651,06,,45886.76111,1.1603007248
05223652,06,,59049.926956,1.5448037999
05224202,06,S49A,70274.719933,0.8343325233
05224282,06,S49C,16767.59937,0.8421031176
05224311,06,S49C,32914.9993,1.7509347762
05224312,06,S49C,17176.901456,1.6969790758
05224381,06,,43584.181965,1.1070087156
05224592,06,S49C,24071.61971,1.3248058501
05224861,06,,45211.814866,1.0728960316
05224862,06,,44330.387631,1.1847432394
05225061,06,S49A,39090.420844,1.335602751
05225062,06,S49A,26676.819677,1.0053321433
05225211,06,,36855.806085,0.8827338079
05225212,06,,37960.288532,0.9150121954
05225464,06,S49E,13336.219798,0.8994559962
05225621,06,S49B,19731.655017,0.7554407329
05225622,06,S49B,18256.404789,0.7709402088
05225811,06,S49E,9334.4893469,0.6127499265
05225812,06,S49E,8414.7141651,0.7643493211
05226021,06,S49A,26604.228929,0.881822198
05226022,06,S49A,31194.00171,1.0833730117
05226313,06,S49E,12170.040809,0.8343325233
05226371,06,S49E,5798.5261265,0.7170829027
05226372,06,S49E,9094.5488785,0.6287587738
05226762,06,S49A,30163.579465,1.26495405
05226891,06,S49E,21182.947628,1.3859799929
05226892,06,S49E,14813.04742,1.0155271807
05226951,06,S49A,24686.182149,0.8308695589
05226952,06,S49A,21074.160079,0.7138430328
05227342,06,S49B,20385.880454,0.7670168546
05227381,06,S49A,34020.126554,1.1276291019
05227382,06,S49A,34360.025222,1.1933295494
05227761,06,S49A,28059.698345,0.9444129127
05227951,06,S49A,28771.885514,1.2864714947
05227952,06,S49A,43129.40292,1.5182044184
05228101,06,S49C,36679.14858,1.8200674514
05228102,06,S49C,29143.443776,1.5152548289
05228271,06,S49A,33723.499467,1.1512725824
05228551,06,S49A,23702.414499,0.7882156876
05228552,06,S49A,23765.060179,0.7962597583
05228562,06,S49A,35024.334554,1.3199133087
05228631,06,,43545.469161,1.0587535025
05228632,06,,36968.276525,1.1145105401
05228781,06,S49A,18159.513076,0.6386617612
05228782,06,S49A,15836.778077,0.640933955
05228821,06,S49E,11458.917135,0.752205115
05228822,06,S49E,11928.395112,0.7889292958
05228911,06,S49A,24949.762815,0.8774717358
05229003,06,S49A,28240.277267,0.9360505594
05229004,06,S49A,30898.188811,1.0730993791
05229311,06,S49E,15610.382394,1.0371287614
05229352,06,S49A,24163.931579,1.0133499955
05229452,06,S49A,32418.788491,1.0838473203
05229691,06,S49E,11577.498927,0.7691904541
05229692,06,S49E,9046.0058414,0.7670168546
05229911,06,S49C,15775.14223,0.7948589863
05230181,06,,33186.866077,0.7948589863
05230182,06,,23113.575907,0.7065125703
05230451,06,S49A,22923.220358,0.7623038529
05230452,06,S49A,19985.827823,0.9196751244
05230721,06,S49E,11963.849801,0.7948589863
05230722,06,S49E,10659.434532,0.7065125703
05230951,06,S49A,18425.987926,0.6127499265
05230952,06,S49A,22812.665621,0.7643493211
05231011,06,,36406.261576,0.8719667625
05231012,06,,29107.083872,0.8897161012
05231041,06,,52629.42831,1.2796185834
05231042,06,,43507.043225,1.311639676
05231051,06,S49A,34990.780142,1.1598023283
05231052,06,S49A,27158.817068,1.0234965076
05231121,06,S49E,12003.78738,0.7879723852
05231122,06,S49E,9458.6033369,0.8591708402
05231181,06,,56855.917437,1.382380369
05231182,06,,32010.662985,0.9650496222
05231392,06,S49E,14148.641721,0.9357736599
05231421,06,S49A,23705.128093,0.7857287732
05231941,06,,41760.88035,1.0153634624
05231942,06,,32674.463356,0.8762517652
05232193,06,S49E,11671.301195,0.7661467793
05232291,06,S49E,13638.781523,0.9979647735
05232292,06,S49E,10521.68349,0.8921405443
05232321,06,,40934.534888,0.9804234853
05232322,06,,28434.879595,0.8691688361
05232851,06,S49A,21362.359122,0.7080754915
05232852,06,S49A,26776.394467,0.929948757
05233011,06,S49B,24434.420175,0.9215329785
05233351,06,,41236.761318,0.9804234853
05233352,06,,36324.651605,0.8691688361
05233442,06,S49A,17144.537949,0.7889292958
05233481,06,S49E,19362.47736,1.2668683653
05233651,06,,33431.890188,0.7948589863
05233652,06,,29526.855894,0.7065125703
05233912,06,S49E,14195.617668,1.0560148539
05234021,06,,39431.025371,0.9444129127
05234022,06,,35754.313981,0.8618383736
05234081,06,,41118.212581,1.2122414796
05234131,06,S49E,14057.072296,0.9480736038
05234132,06,S49E,5594.0376924,0.6234081796
05234391,06,S49A,45515.559844,1.5086560536
05234392,06,S49A,40027.5571,1.3901639004
05234431,06,S49A,24344.543665,0.9024040992
05234432,06,S49A,25221.518761,0.8543261215
05234551,06,,33202.840906,0.7857287732
05234552,06,,39655.80526,0.9455130987
05234612,06,,33479.109787,1.0019226362
05235161,06,S49E,15315.643279,1.0175467675
05235182,06,S49B,15305.606226,0.6941077768
05235391,06,S49A,28771.885514,1.2864714947
05235392,06,S49A,43129.40292,1.5182044184
05235581,06,S49A,31254.999242,1.0519580257
05235582,06,S49A,23505.194647,1.0096519248
05235671,06,,32020.901777,0.752205115
05235672,06,,33332.815284,0.7889292958
05236021,06,S49A,27461.412929,0.9658053204
05236022,06,S49A,19928.559289,0.8065333909
05236181,06,S49A,26200.049297,0.881822198
05236211,06,S49E,14894.336799,1.2270607441
05236332,06,S49A,26045.770671,0.9045740677
05236481,06,,29395.260821,0.6905260102
05236482,06,,35579.446494,0.8421031176
05236551,06,,53921.918673,1.3110438665
05236552,06,,37585.543838,1.007955319
05236661,06,,33202.840906,0.7857287732
05236662,06,,39655.80526,0.9455130987
05251781,06,S49B,8931.0750723,0.7962597583
05251981,06,S49E,14289.26888,1.0210875312
05253081,06,S49E,12022.636164,0.8065333909
05253231,06,S49E,14914.342975,1.0657542927
05253311,06,S49B,14261.8511,0.7889292958
05253631,06,,22258.651448,0.5585172295
05253751,06,S49E,5513.0058816,0.640933955
05253911,06,,26292.552443,0.640933955
05254011,06,S49C,13898.084785,0.8897161012
05254031,06,,23687.183319,0.5585172295
05254411,06,S49A,27453.262435,1.6367090369
05254511,06,S49C,18697.9949,1.5689295104
05254621,06,,34047.557278,0.8543261215
05254821,06,S49C,18677.04785,1.2869548306
05255451,06,S49B,22090.646766,0.9076817329
05256421,06,S49C,15505.407965,1.0684108024
05256861,06,S49B,13598.445893,0.640933955
05257621,06,S49E,14304.897234,0.949684013
05257651,06,,29780.349953,1.0060152042
05257711,06,S49A,23258.433282,0.8545079112
05258211,06,,37452.308542,0.8923392769
05258231,06,S49C,7668.7333613,0.8597072126
05258311,06,,39030.813364,0.929948757
05258631,06,S49C,18506.647196,1.1847432394
05258731,06,S49E,9667.2168605,1.1133220152
05258831,06,S49C,8905.5672188,0.8691688361
05258861,06,S49A,28327.563365,0.8665013027
05258921,06,S49C,20778.973374,1.4937229099
05259191,06,,39194.291294,1.0377564277
05259421,06,,22337.383199,0.8545079112
05259561,06,S49A,22305.570378,0.9455130987
05259621,06,S49E,11219.96044,0.8691688361
05259863,06,S49E,16364.046937,1.4445426928
05259871,06,S49E,20699.795362,1.3350675556
05259881,06,,24852.947827,0.7889292958
05260191,06,S49A,50069.149258,1.5315465893
05260241,06,,37290.788016,0.9455130987
05260791,06,S49C,13623.094588,0.8721120062
05261044,06,S49A,35310.616035,1.1704035899
05261171,06,S49A,35938.835938,1.1315694177
05261191,06,S49E,11255.716299,1.0060152042
05261201,06,S49A,49806.950302,1.5235262829
05261381,06,S49A,26467.920234,0.8421031176
05261511,06,S49A,11624.268838,0.640933955
05261641,06,S49B,8848.854528,0.7889292958
05261691,06,S49C,17022.442175,1.0586713636
05261741,06,S49A,32103.767302,1.088007211
05262081,06,S49E,12437.025523,0.8343325233
05262211,06,,39684.063246,0.9455130987
05262401,06,S49B,18128.444716,0.8691688361
05262641,06,,34346.943927,0.8618383736
05262771,06,S49B,23377.879941,1.0786480189
05262851,06,S49A,12583.675525,0.8597072126
05263271,06,S49E,12194.857284,0.871424341
05263331,06,S49A,30656.450871,0.9652483547
05263341,06,S49A,24920.388088,0.8445601317
05263471,06,S49A,27498.876118,0.8794424687
05263552,06,S49A,15223.907222,0.8343325233
05263591,06,,64517.289068,1.6391577667
05263871,06,S49C,12813.179334,0.8065333909
05263991,06,,33883.950833,0.8794424687
05264341,06,S49A,25078.220338,0.8691688361
05264351,06,S49A,16114.956682,0.5585172295
05264441,06,S49B,23162.034183,0.9357736599
05264671,06,,21519.054421,0.5585172295
05264851,06,S49C,12982.748447,0.8445601317
05265101,06,S49A,22130.818412,0.7670168546
05265221,06,S49E,15250.922394,1.1145016951
05265361,06,S49C,17054.90994,1.201810962
05265391,06,S49C,23395.222094,1.6137830773
05265631,06,S49B,22346.141212,0.9326162904
05265841,06,S49B,17553.162097,1.1827456652
05266011,06,S49C,17252.627834,1.1218299789
05266063,06,S49E,14131.039118,0.9357736599
05266091,06,S49C,12649.964893,0.7962597583
05266161,06,S49B,17483.935556,0.8643414119
05266301,06,S49C,11077.011029,0.8767749352
05266341,06,S49C,14119.926036,0.9949909999
05266911,06,S49B,20644.321551,0.8615908403
05266941,06,S49E,10633.189925,0.6941077768
05266951,06,S49A,26695.216028,1.2853142608
05267111,06,S49B,20064.632292,0.9074999433
05267151,06,S49A,27697.759458,0.9599576456
05267161,06,S49A,61684.458733,2.0927359982
05267331,06,S49A,19730.364275,0.7065125703
05267341,06,,42893.973157,1.1847432394
05268431,06,S49C,15454.168192,1.0053321433
05268541,06,S49A,25719.861064,0.7962597583
05269151,06,,38076.293406,0.9123159322
05269191,06,S49B,20177.382031,0.8421031176
05269231,06,,27171.796006,1.0425928993
05269371,06,,34383.585579,0.949684013
05269471,06,S49E,18296.341278,1.2343152026
05269484,06,S49E,15467.811864,1.1847432394
05269531,06,S49E,12672.03631,0.8545079112
05269791,06,S49B,30228.361225,1.2367639324
05270161,06,S49B,19991.193136,0.8343325233
05270381,06,,42541.353945,1.1750038006
05270541,06,S49E,14088.70581,0.9196751244
05271321,06,,34971.978618,0.9076817329
05271691,06,S49C,13378.266028,0.8421031176
05272071,06,,39116.9587,0.9372504897
05272421,06,S49A,32891.163599,1.0523588891
05273211,06,S49A,34848.833366,1.1145016951
05273221,06,S49A,41176.962963,1.3174645789
05273251,06,,34344.931906,0.7962597583
05273311,06,S49A,30198.603777,0.9657825485
05273881,06,S49B,20843.524489,0.8421031176
05273951,06,S49E,9504.8135236,0.640933955
05274622,06,S49E,7859.721677,1.0099407639
05274841,06,,28919.073917,0.6941077768
05274911,06,S49B,27988.455552,1.1269064887
05275051,06,,34071.136928,0.7889292958
05275101,06,S49B,16186.539672,0.7889292958
05275201,06,,38600.990174,1.0053321433
05275351,06,S49C,10195.029414,0.640933955
05276261,06,S49E,15318.364099,1.0096519248
05276301,06,,64944.832496,1.5799269754
05276341,06,,34174.269932,0.8421031176
05276441,06,S49A,21939.436981,1.0657542927
05276561,06,S49A,22352.944189,0.698741976
05276671,06,,40275.058538,1.0489319248
05277321,06,S49A,8727.5744457,0.6941077768
05277341,06,S49A,30263.929575,0.9357736599
05277361,06,S49C,13707.304334,1.1047622563
05277571,06,S49E,11792.993605,0.7772904871
05277761,06,S49A,27234.523196,0.8421031176
05278171,06,S49C,16706.377085,1.0886747446
05278311,06,S49B,20516.540235,1.0613278733
05278331,06,,57926.875034,1.5086594715
05278591,06,S49E,13498.706681,0.8897161012
05278671,06,S49E,13538.374916,1.1315694177
05279471,06,S49A,26430.763164,1.0477246898
05279661,06,S49E,19640.581424,1.3272969613
05280071,06,S49A,19568.161637,0.6116910512
05280141,06,,34174.269932,0.8421031176
05280171,06,,20154.191177,0.640933955
05280181,06,,39839.597186,0.9326162904
05280801,06,,37975.612463,0.9357736599
05280951,06,S49B,25573.692407,1.1606641511
05281031,06,S49E,8847.4276427,0.648782869
05281321,06,,27049.42776,0.8545079112
05281341,06,S49A,30924.502297,1.0754937315
05282001,06,S49E,13027.902534,1.063097783
05282071,06,S49A,34328.738438,1.0730993791
05282151,06,,23858.795598,0.5585172295
05282271,06,S49E,12797.245008,0.8343325233
05282431,06,S49C,20515.352962,1.4506527178
05282631,06,,22419.914096,0.5585172295
05282661,06,,30180.875562,0.7065125703
05282863,06,S49E,9959.9135,1.1099481065
05282981,06,S49C,22889.587853,1.4916050369
05283081,06,,47730.858978,1.4721135258
05283121,06,S49B,25161.964392,1.0131027376
05283241,06,S49A,29196.732183,0.9357736599
05283311,06,S49A,31969.743738,1.1118451854
05283891,06,S49A,46801.796779,1.5203689135
05284131,06,,51339.082442,1.201810962
05284341,06,S49C,13560.147992,0.8618383736
05284391,06,,39576.247233,1.024569907
05284621,06,S49A,21926.366612,0.8691688361
05284651,06,S49C,13109.448718,0.9269768572
05284661,06,S49B,23432.25485,0.9455130987
05285113,06,S49E,12998.537849,0.8597072126
05286191,06,S49B,22018.221512,0.8865253978
