NEWID,STATE,PSU,st_wgt,CALADJ45
05011454,06,S49A,13866.275154277026,0.6369192587289625
05012364,06,S49E,8264.323868859581,0.8485572708394664
05012524,06,S49A,25885.29411094242,0.9506031066653201
05012824,06,NA,26060.30421,0.6369192587289625
05012944,06,NA,40430.815906526666,1.0525620862665608
05013114,06,S49E,13037.296234699255,0.9450915430722839
05013134,06,NA,32530.854931194193,0.987681962
05013744,06,S49A,30614.48112227964,1.0445144415375853
05014354,06,NA,13276.617437045792,0.6130845718742384
05014624,06,NA,21756.45648577568,0.690273387
05014734,06,S49A,28187.46094917028,1.035147131512083
05015644,06,NA,35884.76107524301,0.86793399
05015704,06,NA,35083.62996466608,0.8485572708394664
05015994,06,S49E,12855.276918331667,0.8657832910760689
05016144,06,S49E,7980.829900707174,0.9412527487411467
05017684,06,S49A,25123.466312568395,0.8571702809577677
05017894,06,S49A,30193.238501855707,1.1088066528097884
05017924,06,S49A,28748.915917837985,0.9529098660646971
05017994,06,S49E,12297.52236633952,0.8369001535159162
05018364,06,S49B,24824.913967342003,1.1074488055916996
05018474,06,S49E,5948.093494528147,1.0118629702757245
05018604,06,S49E,12855.276918331667,0.8657832910760689
05018744,06,S49C,30930.56989882467,1.5348154388779096
05018874,06,S49B,11346.526259785114,0.9412527487411467
05019114,06,S49A,19338.40477427427,1.2596923758469276
05019184,06,NA,43064.30733029516,1.0148770040702317
05019504,06,S49C,8760.091464140287,0.7835460256286828
05019624,06,S49A,36513.56109067155,1.2102763355632506
05019774,06,S49A,27005.54269629086,0.9310408101247438
05020494,06,S49A,39189.113608598695,1.5014208707461532
05020634,06,S49A,14860.909737144657,0.8878986208539134
05020724,06,S49E,8951.722613590639,0.9191374189633023
05020894,06,S49A,13494.615138767402,0.7019305039397462
05021094,06,NA,26649.398208635455,0.8455131636342174
05021224,06,NA,36006.85694151216,0.8485572708394664
05021264,06,S49A,24018.799405042257,0.8820585632501065
05021284,06,S49C,27728.421222432633,1.375920622449205
05021474,06,S49B,15734.690654207718,0.7019305039397462
05021504,06,S49A,25543.02609647159,0.9786093369267053
05022164,06,S49A,8603.416963593372,0.6369192587289625
05022654,06,S49E,21945.06798854985,1.5018692830423572
05022944,06,S49A,32708.496046703927,1.7065020428241946
05023054,06,S49A,27919.319863726232,0.9506031066653201
05023514,06,NA,42909.10297249511,1.5463367327349016
05023744,06,S49C,18741.824685163665,0.9412527487411467
05023934,06,S49E,14981.184591260377,1.110616589177161
05024314,06,S49A,24708.78406018774,0.8562768722152188
05024454,06,NA,31872.36457,0.8485572708394664
05024564,06,S49C,22396.25201974793,1.1624337712690536
05024854,06,S49E,14510.476396425543,0.9730977733336691
05025224,06,NA,40948.34935265131,1.090192711944355
05025274,06,S49A,25524.52765490441,0.8562768722152188
05025444,06,S49A,41329.24290749046,1.4040806025015447
05025694,06,S49A,29492.628379928392,1.0842327360551147
05025754,06,S49B,16943.29824479005,0.6369192587289625
05025974,06,S49A,39084.06545476312,1.3278050675829762
05026144,06,S49E,15933.65079170046,1.1812268107117387
05026474,06,S49A,29572.386461814007,1.110616589177161
05026594,06,S49A,19817.74312630124,1.2900386184386237
05026854,06,NA,36952.96698626723,0.8562768722152188
05026894,06,S49B,23518.14864182306,1.064396402022303
05027164,06,NA,53869.922681171345,1.4039268527105901
05027514,06,S49A,18985.755379928713,0.6369192587289625
05027544,06,S49B,32237.030446199642,1.2518370322463166
05027654,06,NA,26364.967571049394,0.7019305039397462
05027864,06,S49C,7184.313078988507,0.9268870937497965
05028254,06,NA,32711.086988276642,0.8485572708394664
05028554,06,S49A,23626.421063242793,0.8873107082380716
05028584,06,NA,17248.66751070945,0.7755547592688311
05028634,06,S49B,32452.02108634528,1.8972209507438995
05029914,06,S49B,27380.98813267212,1.042350147650158
05030454,06,S49A,16023.88266173869,0.555303737
05030624,06,S49C,15882.328312065521,1.3303025973815052
05031184,06,S49A,15098.29096720634,0.6369192587289625
05031524,06,NA,29025.221195163573,0.690273387
05032034,06,S49E,15311.183706512724,1.047861711243194
05033144,06,S49A,17451.4069,0.9104931476365584
05033304,06,S49B,29704.293501816363,1.1534851103716037
05033314,06,S49A,16815.609896291044,0.690273387
05033714,06,S49C,18807.92539503199,1.0925313806357508
05033914,06,S49B,15006.613534171216,0.690273387
05034224,06,S49A,26038.90992284748,0.8735329658625631
05034314,06,S49A,23385.607846207397,0.7835460256286828
05034414,06,NA,35961.05139966529,0.8541562471632606
05035494,06,S49B,28193.942469964295,1.0562265057937297
05035724,06,S49C,9465.150552820318,0.6086578649272594
05035924,06,NA,36823.33213832053,1.1059162141537944
05035944,06,S49C,15792.782148951479,0.792159036
05036184,06,S49A,32570.908786202115,1.0889331110784817
05036194,06,NA,37432.422199928544,1.110616589177161
05036504,06,S49A,28402.483695694988,0.9620746461475966
05037074,06,S49A,22493.919631811004,0.7552846318269797
05037164,06,S49C,32556.46685,1.6927081092474952
05037444,06,S49C,23689.535518382196,1.2316898224386221
05037774,06,S49B,12923.374163274448,0.8369001535159162
05038014,06,S49A,26728.790833712315,1.120911139
05038404,06,S49C,18101.021019585987,1.0212133281998979
05038884,06,S49A,17027.551951470476,0.7835460256286828
05039054,06,S49E,12398.359023612935,0.8571702809577677
05039194,06,NA,23125.38939159215,0.555303737
05039534,06,S49A,20904.924683220914,0.7019305039397462
05039584,06,S49A,18237.68947727314,1.0296193767178559
05040204,06,S49A,25784.795489511853,0.8657832910760689
05040274,06,NA,36776.83560708242,0.8735329658625631
05040814,06,S49A,19955.346792393193,0.8571702809577677
05041074,06,S49A,30237.549523242033,1.064396402022303
05041284,06,NA,39610.68328715045,1.1896288129607693
05041534,06,NA,28599.927582943048,0.8485572708394664
05043074,06,NA,36951.67936148031,0.8873107082380716
05043234,06,S49A,34746.24525920292,1.2067430373588206
05043364,06,S49B,21099.229964028356,0.792159036
05044094,06,S49E,12544.379528805222,0.8296697431393449
05044894,06,S49A,21989.19875870073,1.0118629702757245
05045094,06,NA,34301.84908673554,1.0445144415375853
05045114,06,S49A,30199.924245650447,1.0118629702757245
05045204,06,S49A,31995.08980893243,1.2057543816127798
05045334,06,S49B,23586.784675729417,0.8874505779735573
05045354,06,S49E,12914.608770439776,0.8541562471632606
05090633,06,S49E,11640.09042042937,0.792159036
05090763,06,NA,25164.980658366778,0.6086578649272594
05091403,06,S49A,19215.603560985113,0.6369192587289625
05091463,06,NA,38547.517841605484,1.2220386926492726
05091533,06,S49E,10253.822100966301,0.792159036
05092243,06,S49B,20672.679194608558,0.992108669
05092433,06,S49A,26790.823854906062,0.9140577070494311
05092453,06,S49E,8855.416153,0.8029227443279854
05092483,06,S49C,19110.678016377977,0.9482969037720882
05092583,06,S49E,17325.725082296805,1.1668611557203885
05092943,06,S49A,11553.222689535201,0.690273387
05093053,06,S49B,28647.587957122356,1.178865104379768
05093243,06,NA,48837.86369581814,1.1812268107117387
05093283,06,S49A,16274.138092803543,0.6369192587289625
05094223,06,S49A,14296.157908550142,0.8541562471632606
05094263,06,S49B,17052.380550243397,0.8776866822375105
05094313,06,NA,43996.20373372263,1.0368385840571217
05094543,06,S49B,21633.299838746727,0.89022302
05094683,06,S49E,16373.084317789477,1.071275239162714
05095023,06,S49E,13685.88547,0.992108669
05095243,06,NA,26060.30421,0.6369192587289625
05095273,06,S49E,11159.81301443371,1.0118629702757245
05095743,06,NA,38362.062926781706,0.9730977733336691
05095783,06,S49C,18037.238071842974,0.9212881174260024
05095793,06,S49B,20603.66784877029,0.9191374189633023
05095883,06,NA,34595.17034870962,0.8455131636342174
05095963,06,S49E,13333.639074262383,1.0083839414995326
05096403,06,NA,26060.30421,0.6369192587289625
05097143,06,S49E,12969.12244026733,0.8485572708394664
05097273,06,S49A,28187.46094917028,1.035147131512083
05097293,06,S49E,6371.109808221763,0.9310408101247438
05097433,06,S49C,16613.293086301135,0.8485572708394664
05097793,06,S49A,25754.17087488942,0.8878986208539134
05098523,06,NA,29021.341172141743,0.7019305039397462
05098853,06,S49A,30264.612758284205,1.1114277777468304
05098993,06,S49A,18474.32470053634,0.6369192587289625
05099143,06,S49B,9678.998563648982,0.8029227443279854
05099203,06,NA,45918.48162324278,1.110616589177161
05099413,06,NA,37346.721877969074,0.9032939984684297
05100273,06,NA,47442.784078479846,1.147484437021086
05100303,06,S49A,30527.507887986918,1.0118629702757245
05100673,06,S49C,7147.613895102995,0.792159036
05100683,06,S49A,26572.851505759038,0.9161233851687952
05100993,06,S49A,14854.081946308414,0.9675862097406328
05101723,06,NA,48732.741415238495,1.2361619407726776
05102023,06,S49B,22338.035465377467,0.8296697431393449
05102363,06,S49C,18508.20914614568,0.9385442110733467
05102723,06,S49C,18209.46020335812,0.946764312
05102733,06,S49E,7955.062153502542,0.907510375
05102753,06,S49A,17027.551951470476,0.7835460256286828
05103073,06,S49E,12102.026889614433,0.8296697431393449
05103113,06,S49B,23979.30021244601,0.898333835
05103393,06,S49A,27946.534423483077,0.9343278344912825
05104123,06,S49A,19875.323614678764,0.690273387
05104363,06,NA,23051.39427280097,0.7019305039397462
05104403,06,NA,39432.534164723074,1.0264519012209024
05104453,06,S49B,30296.91201283415,1.2793925169973335
05104703,06,S49A,29143.383363831697,1.2518370322463166
05104743,06,S49B,12923.374163274448,0.8369001535159162
05105533,06,NA,32285.940104644065,0.9579209297726493
05105773,06,S49E,9630.044938687726,0.6369192587289625
05105803,06,S49A,34872.320319946266,1.1812268107117387
05106433,06,S49E,12530.075992995207,1.047861711243194
05107223,06,S49A,30948.09332209531,1.0839183705174495
05107263,06,S49A,28092.501201271447,0.9412527487411467
05107343,06,NA,27520.741537524387,0.6369192587289625
05107413,06,S49E,13565.501935925591,0.9426118403054684
05107423,06,S49A,25855.701816506487,1.110616589177161
05107463,06,S49C,27947.095978720376,1.7545528134278814
05107503,06,S49C,31831.22122557706,1.6774438529557179
05107923,06,S49A,38881.27537375528,1.3686654595489929
05108273,06,S49E,11600.712831563762,0.98363216
05108293,06,NA,40670.73379329667,0.9412527487411467
05108663,06,S49A,34286.265294623925,1.1462820942335288
05109973,06,NA,23657.992537233666,0.7019305039397462
05110343,06,S49C,14787.69395709465,0.7498783079964151
05110883,06,S49A,25145.87823487304,0.8517639571272031
05111103,06,S49A,25556.32277674477,0.8562768722152188
05111603,06,NA,36055.179173816934,0.8657832910760689
05111863,06,S49A,24762.21003016736,0.8296697431393449
05111943,06,S49C,15792.782148951479,0.792159036
05111963,06,S49A,25493.030890586397,0.8541562471632606
05112063,06,S49A,25813.43686609464,0.8965050748961352
05112463,06,S49A,30199.924245650447,1.0118629702757245
05112753,06,NA,29061.37702366002,0.690273387
05113843,06,NA,23334.245482426744,0.7105435140580474
05114253,06,NA,38317.61605178587,0.8878986208539134
05114433,06,NA,32195.87485295947,0.8571702809577677
05114833,06,NA,32711.086988276642,0.8485572708394664
05115703,06,NA,32947.23098329315,0.7835460256286828
05115783,06,NA,38677.21114880928,0.9506031066653201
05115863,06,S49A,22617.64603991032,0.8494252884358072
05115893,06,S49E,11962.326791631396,0.792159036
05116033,06,S49A,24473.870847935992,0.9191374189633023
05116193,06,S49C,24224.94659489424,1.2573485958393529
05116303,06,S49A,22312.573657352914,0.9412527487411467
05116343,06,S49B,16401.803914182685,0.6369192587289625
05116563,06,S49E,10334.223291383167,1.3279036833510396
05116623,06,S49B,22601.99337,0.8776866822375105
05116943,06,S49E,8111.943139158635,1.042350147650158
05117523,06,S49A,22665.49903599149,0.9620746461475966
05117903,06,NA,39232.64372194191,1.0445144415375853
05118463,06,S49A,15224.632459568362,1.2518370322463166
05118483,06,NA,42554.99915944524,1.0459108400930845
05118823,06,S49C,17335.567142520802,1.0070037341452245
05119203,06,NA,57155.47856212209,1.489553115
05119283,06,NA,23917.190278624505,1.103691674927297
05119493,06,S49A,25889.07362,0.9722865847639995
05119573,06,S49E,9618.064011117334,0.6369192587289625
05120043,06,S49E,18653.379174391135,1.9210734646303376
05120083,06,NA,52304.712532043784,1.2596923758469276
05120273,06,NA,33375.133913316684,0.8657832910760689
05120353,06,NA,34650.448501448845,0.8029227443279854
05120453,06,NA,51495.19215680276,1.307627725191282
05120643,06,S49B,18447.721253636042,0.8485572708394664
05120833,06,S49A,29662.013065868454,1.0077091726590777
05120993,06,NA,58063.463555215356,1.4744171559597348
05121513,06,S49E,11454.112758836794,0.7835460256286828
05121613,06,S49C,15773.13403928364,0.792159036
05121803,06,S49A,28481.40419425207,1.069643805109937
05122423,06,S49C,12682.065578737987,0.6369192587289625
05122673,06,S49A,31762.70367237907,1.1012158391304274
05122893,06,S49A,18378.985744406837,0.6369192587289625
05123193,06,S49B,20177.703993038984,0.7835460256286828
05123293,06,S49C,9161.753703693614,0.8928222718311077
05123373,06,NA,32947.23098329315,0.7835460256286828
05123473,06,S49C,21671.72943591994,1.1046529364348412
05124023,06,NA,27486.502443818823,0.6369192587289625
05124973,06,S49A,30812.886428359336,1.068285588
05125283,06,S49A,22070.497729428567,0.9310408101247438
05201472,06,S49B,16259.948098937444,0.8369001535159162
05201742,06,S49A,20958.956751708625,1.090192711944355
05201882,06,S49A,24524.748638827663,0.8455131636342174
05202002,06,S49B,19021.521481254615,0.8485572708394664
05202062,06,S49B,23613.238762232286,0.9716986721481577
05202152,06,S49B,17123.765130628228,0.7638976419452809
05202714,06,S49E,16974.36699232012,1.110616589177161
05202742,06,S49B,14524.899125710497,0.555303737
05202902,06,NA,26746.082042436028,0.6369192587289625
05203072,06,S49A,36157.75790912657,1.1984829043590832
05203172,06,S49E,13830.89330476825,0.9412527487411467
05203192,06,S49A,27312.295049940018,1.7644366274493617
05203292,06,S49C,26218.244413540135,1.5037599088533968
05203372,06,S49A,11421.074485121928,0.8455131636342174
05203472,06,NA,32913.58990371809,0.7960711605485739
05203582,06,S49E,13174.919156529673,0.8873107082380716
05204044,06,NA,24967.750351102557,0.792159036
05204214,06,S49E,12551.085705636759,0.8541562471632606
05204282,06,S49B,13411.169054402226,0.690273387
05204412,06,S49B,19407.66526344495,0.8657832910760689
05204452,06,NA,33265.049329842805,0.792159036
05204642,06,NA,34101.575843851366,1.0533732748362303
05204952,06,NA,45768.3463,1.047861711243194
05205002,06,S49A,24836.958145106684,0.8562768722152188
05205042,06,S49C,20385.300202902596,1.1692086125810428
05205142,06,S49A,17245.977421902324,0.792159036
05205152,06,NA,28243.3514,0.690273387
05205182,06,S49A,29053.645563222235,1.0016510316593217
05205422,06,S49E,13619.802456211144,0.9268870937497965
05205502,06,S49A,20269.552028955837,0.9310408101247438
05205832,06,S49A,21314.501378632518,0.8485572708394664
05205962,06,NA,36568.29537421736,0.8617884358082549
05206272,06,S49A,30140.450336521513,0.9990335835753592
05206742,06,NA,55114.84665642332,1.4348411398638576
05207052,06,S49A,19215.603560985113,0.6369192587289625
05207093,06,S49A,11304.731139644715,0.8369001535159162
05207702,06,S49C,22109.746677548435,1.4802023876291588
05207762,06,S49A,33681.943504838375,1.2369247186065468
05208472,06,NA,23479.373026955393,0.8657832910760689
05208682,06,S49A,37515.050534543436,1.4372838437280038
05208862,06,S49C,16924.88024099759,0.8735329658625631
05208882,06,NA,22959.05237961741,0.555303737
05209162,06,S49E,13830.89330476825,0.9412527487411467
05209422,06,S49B,55301.42159710427,1.1114277777468304
05209682,06,NA,43815.394009618416,1.1114277777468304
05209852,06,S49A,25375.911683533854,0.8657832910760689
05210732,06,S49B,27094.456940030526,0.9412527487411467
05210742,06,S49B,9843.864003524777,0.9506031066653201
05211052,06,S49E,10098.045415250372,1.0368385840571217
05211142,06,S49E,12727.38968452569,0.8571702809577677
05211212,06,S49B,18918.59773,0.8296697431393449
05211542,06,S49E,16995.235139248332,1.285299692077847
05211712,06,S49E,16695.452655613877,1.2102763355632506
05211782,06,NA,25701.589860446238,0.8369001535159162
05211872,06,NA,53662.68812367031,1.3970361393820951
05211902,06,S49E,15698.387639644085,1.0572624612899277
05212122,06,NA,15455.696581746215,0.555303737
05212772,06,S49A,20573.423695686008,0.7019305039397462
05213202,06,S49B,23393.007740034027,0.908805562
05213242,06,NA,29447.537690757476,0.7638976419452809
05213322,06,S49A,34085.56173714424,1.1812268107117387
05213722,06,S49E,10619.997654130862,1.1729054979063755
05213994,06,NA,47936.73979974593,1.1479735467785674
05214222,06,S49E,11832.262452218049,0.7835460256286828
05214662,06,S49A,23356.513353338585,0.7835460256286828
05214682,06,S49C,15781.927835838716,0.8873107082380716
05214702,06,NA,40418.86994345966,1.0533732748362303
05214992,06,S49A,19667.477497231404,0.8296697431393449
05215133,06,S49C,17335.567142520802,1.0070037341452245
05215462,06,S49C,26978.053427900464,1.3751272609112493
05216012,06,S49A,29028.55990955202,1.090192711944355
05216172,06,S49A,27057.99460163088,0.9376881893282741
05216512,06,S49C,14088.026299438698,0.7075294802635403
05216682,06,S49A,24946.932243478488,0.8369001535159162
05216892,06,NA,32519.385130947936,0.8657832910760689
05217042,06,NA,37183.596213285295,1.090192711944355
05217472,06,NA,32711.086988276642,0.8485572708394664
05217632,06,NA,26688.47784903786,0.7105435140580474
05217752,06,S49A,33512.57580309018,1.7484533372190034
05217762,06,NA,34185.93640174148,0.792159036
05217842,06,NA,20857.570567127786,0.555303737
05217852,06,S49A,36677.65044941685,1.2460518005768926
05218102,06,NA,38521.96015688375,0.9161233851687952
05218202,06,NA,43040.20711847744,1.1458855085229842
05218212,06,S49A,27753.145830500293,0.9310408101247438
05218292,06,S49A,23110.477199877514,0.86793399
05218432,06,S49E,11832.262452218049,0.7835460256286828
05218452,06,S49C,9876.769685716305,0.555303737
05218552,06,S49A,27196.424154408316,1.0552781501185866
05218592,06,NA,38523.73415434151,1.025640712651233
05218602,06,S49A,18754.62594741968,0.7960711605485739
05219004,06,S49A,34140.93124692672,1.183669206487377
05219122,06,S49A,29198.387159940718,1.0118629702757245
05219222,06,S49B,31848.92088667967,1.2367658574994136
05219522,06,S49E,15326.706859991245,1.112238966
05219762,06,S49A,13082.390609670285,0.555303737
05219812,06,NA,30235.904464953474,0.7240796648601984
05219952,06,S49A,19415.84016408939,1.0863119861414394
05220082,06,NA,29965.65393,1.108304478291426
05220172,06,S49A,37399.63059342719,1.2966486106446777
05220882,06,NA,38317.61605178587,0.8878986208539134
05221342,06,NA,34210.38750298014,0.8874505779735573
05222982,06,S49E,9685.315594662103,1.0696763106646123
05223092,06,S49E,8270.889085650007,1.0627740248829638
05223132,06,S49B,39517.31988778789,1.5352262740597709
05223622,06,NA,110812.25371551176,0.9002799646739227
05223652,06,NA,58933.861123974355,1.535900295523967
05224202,06,S49A,69881.98015,0.8296697431393449
05224282,06,S49C,16664.000160593838,0.8369001535159162
05224312,06,S49C,17133.67053362471,1.6927081092474952
05224592,06,S49C,23971.52973059357,1.3192972972271466
05224862,06,NA,44367.64948049958,1.1812268107117387
05225062,06,S49A,26611.548991509702,1.0028723779064963
05225212,06,NA,37918.40411038361,0.9105244088450011
05225622,06,S49B,18182.273724970626,0.7678097667468706
05225812,06,S49E,8376.560165,0.7608836081507737
05226022,06,S49A,31151.164820878323,1.0818852791944604
05226313,06,S49E,12102.026889614433,0.8296697431393449
05226372,06,S49E,9053.400647100922,0.6259139585746039
05226762,06,S49A,30100.09669638029,1.2622918067823097
05226892,06,S49E,14735.964416533758,1.0102426580185533
05226952,06,S49A,20976.751288402018,0.7105435140580474
05227342,06,S49B,20302.977587781406,0.7638976419452809
05227382,06,S49A,34253.4684,1.1896288129607693
05227952,06,S49A,42954.50416020386,1.5120477816375288
05228102,06,S49C,29129.380120723345,1.5145236174343983
05228552,06,S49A,23642.67057183401,0.792159036
05228562,06,S49A,34842.12162188998,1.313046503734161
05228632,06,NA,36871.45178323706,1.1073613928609416
05228782,06,S49A,15737.579316446805,0.6369192587289625
05228822,06,S49E,11847.001538927185,0.7835460256286828
05229004,06,S49A,30841.240962463013,1.0711215706134591
05229352,06,S49A,24104.66112267475,1.010864401777003
05229452,06,S49A,32265.46107979916,1.0787211724620787
05229692,06,S49E,9009.218624278517,0.7638976419452809
05230182,06,NA,23051.39427280097,0.7019305039397462
05230452,06,S49A,19908.643557221076,0.9161233851687952
05230722,06,S49E,10590.303083930312,0.7019305039397462
05230952,06,S49A,22709.228424130448,0.7608836081507737
05231012,06,NA,29139.279263791348,0.8873107082380716
05231042,06,NA,43545.65489631493,1.3078079307131565
05231052,06,S49A,27010.872089973014,1.0179211112754807
05231122,06,S49E,9403.397731534393,0.8541562471632606
05231182,06,NA,32000.595834977714,0.9610748333026422
05231392,06,S49E,14077.08232774435,0.9310408101247438
05231942,06,NA,32613.735348850332,0.8712948546691051
05232292,06,S49E,10466.37119450464,0.8874505779735573
05232322,06,NA,28432.31899081398,0.8657832910760689
05232852,06,S49A,26688.238746758107,0.9268870937497965
05233352,06,NA,37003.9725,0.8657832910760689
05233442,06,S49A,17027.551951470476,0.7835460256286828
05233652,06,NA,30000.829693081738,0.7019305039397462
05233912,06,S49E,14086.017982883412,1.047861711243194
05234022,06,NA,35696.49401,0.8571702809577677
05234132,06,S49E,5550.857706395476,0.6185961354672747
05234392,06,S49A,39931.39576480905,1.3868242007656923
05234432,06,S49A,25145.87823487304,0.8517639571272031
05234552,06,NA,39627.92356781409,0.9412527487411467
05234612,06,NA,34025.628592390465,0.9956910557700813
05235182,06,S49B,15221.054996505756,0.690273387
05235392,06,S49A,42954.50416020386,1.5120477816375288
05235582,06,S49A,23443.54346215714,1.0070037341452245
05235672,06,NA,33856.35990520076,0.7835460256286828
05236022,06,S49A,19839.344156522067,0.8029227443279854
05236332,06,S49A,25922.12880960279,0.9002799646739227
05236482,06,NA,36161.746566729584,0.8369001535159162
05236552,06,NA,37560.86492741278,1.0034602905223382
05236662,06,NA,39627.92356781409,0.9412527487411467
05251781,06,S49B,8885.080205933902,0.792159036
05251981,06,S49E,14222.581800693726,1.016322182777379
05253081,06,S49E,11968.813854407697,0.8029227443279854
05253231,06,S49E,14806.858780905906,1.058073649859597
05253311,06,S49B,14164.535157155226,0.7835460256286828
05253631,06,NA,22632.613567611574,0.555303737
05253751,06,S49E,5478.473393565359,0.6369192587289625
05253911,06,NA,26720.56815095661,0.6369192587289625
05254011,06,S49C,13860.510601522978,0.8873107082380716
05254031,06,NA,23640.860373066946,0.555303737
05254411,06,S49A,27455.967905123347,1.6368703316172013
05254511,06,S49C,18643.02512,1.564317052878705
05254621,06,NA,34715.49569472848,0.8517639571272031
05254821,06,S49C,18641.255056277514,1.2844885035081774
05255451,06,S49B,21950.211622013052,0.9019113987266998
05256421,06,S49C,15423.603723132761,1.0627740248829638
05256861,06,S49B,13513.267647057619,0.6369192587289625
05257621,06,S49E,14266.836681990473,0.947157221
05257651,06,NA,30323.793709611924,1.0016510316593217
05257711,06,S49A,23096.465710948127,0.8485572708394664
05258211,06,NA,37408.28519869148,0.8878986208539134
05258231,06,S49C,7638.134146190348,0.8562768722152188
05258311,06,NA,39050.91857968264,0.9268870937497965
05258631,06,S49C,18451.717736151113,1.1812268107117387
05258731,06,S49E,9631.452627757046,1.109203238520333
05258831,06,S49C,8870.878677526543,0.8657832910760689
05258861,06,S49A,28205.555756338148,0.8627692572815617
05258921,06,S49C,20756.62808,1.4921165903436158
05259191,06,NA,39083.256902005545,1.0308786081678813
05259421,06,NA,22685.021966997676,0.8485572708394664
05259561,06,S49A,22205.06459423745,0.9412527487411467
05259621,06,S49E,11176.256984346111,0.8657832910760689
05259863,06,S49E,16305.28667433902,1.4393556073866143
05259871,06,S49E,20697.08121379026,1.3348925021542535
05259881,06,NA,24777.653346557796,0.7835460256286828
05260191,06,S49A,50021.66291965075,1.530094047357239
05260241,06,NA,37964.88659,0.9412527487411467
05260791,06,S49C,13557.830590495372,0.86793399
05261044,06,S49A,35120.63653128072,1.1641065405309527
05261171,06,S49A,35821.42701439558,1.1278726828245054
05261191,06,S49E,11206.88812222795,1.0016510316593217
05261201,06,S49A,49632.60617855983,1.5181933353680428
05261381,06,S49A,26304.387247148927,0.8369001535159162
05261511,06,S49A,11551.456485562961,0.6369192587289625
05261641,06,S49B,8788.474243920904,0.7835460256286828
05261691,06,S49C,16924.210728160753,1.0525620862665608
05261741,06,S49A,32053.74639855687,1.0863119861414394
05262081,06,S49E,12367.519523413453,0.8296697431393449
05262211,06,NA,39656.161685551655,0.9412527487411467
05262401,06,S49B,18057.83166189189,0.8657832910760689
05262641,06,NA,34935.84220046381,0.8571702809577677
05262771,06,S49B,23212.156056744552,1.0710015710863263
05262851,06,S49A,12533.46506993002,0.8562768722152188
05263271,06,S49E,12121.958896113667,0.8662151427552339
05263331,06,S49A,30538.129042726596,0.9615228761829983
05263341,06,S49A,24843.329894747276,0.8419486042213447
05263471,06,S49A,27408.339048142807,0.8765469996570702
05263552,06,S49A,15138.82635684389,0.8296697431393449
05263591,06,NA,64716.22951116836,1.6379551882632586
05263871,06,S49C,12755.817962085883,0.8029227443279854
05263991,06,NA,33901.40146654337,0.8765469996570702
05264341,06,S49A,24980.536848892727,0.8657832910760689
05264351,06,S49A,16022.237444909772,0.555303737
05264441,06,S49B,23044.887877731184,0.9310408101247438
05264671,06,NA,21476.97149454718,0.555303737
05264851,06,S49C,12942.603521506153,0.8419486042213447
05265101,06,S49A,22040.81944071583,0.7638976419452809
05265221,06,S49E,15197.758321326963,1.110616589177161
05265361,06,S49C,17007.681443787566,1.1984829043590832
05265391,06,S49C,23359.921320705897,1.6113480591873848
05265631,06,S49B,22281.08400239023,0.9299011275443035
05265841,06,S49B,17468.974106087357,1.177073013095092
05266011,06,S49C,17188.509157079447,1.1176607442081024
05266063,06,S49E,14059.568753836344,0.9310408101247438
05266091,06,S49C,12584.817815152557,0.792159036
05266161,06,S49B,17410.34931707623,0.8607035791621978
05266301,06,S49C,11036.052592576758,0.8735329658625631
05266341,06,S49C,14045.944249259383,0.989777714
05266911,06,S49B,20464.089009191437,0.8540688344325027
05266941,06,S49E,10574.45006,0.690273387
05266951,06,S49A,26482.879821257953,1.2750907528101676
05267111,06,S49B,20011.96990794768,0.9051180850144365
05267151,06,S49A,27638.99388121684,0.9579209297726493
05267161,06,S49A,61676.951056191894,2.092481289184056
05267331,06,S49A,19602.403581104816,0.7019305039397462
05267341,06,NA,43736.816702716314,1.1812268107117387
05268431,06,S49C,15416.356182356163,1.0028723779064963
05268541,06,S49A,25587.404269765848,0.792159036
05269151,06,NA,37971.30129579448,0.9063381056736788
05269191,06,S49B,20052.715358400295,0.8369001535159162
05269231,06,NA,27695.776572678144,1.039125795578706
05269371,06,NA,35070.01483225102,0.947157221
05269471,06,S49E,18257.37058152719,1.2316861455855423
05269484,06,S49E,15421.901951613161,1.1812268107117387
05269531,06,S49E,12583.79051462679,0.8485572708394664
05269791,06,S49B,30130.768037908376,1.2327710022315996
05270161,06,S49B,19879.46964850684,0.8296697431393449
05270381,06,NA,43358.70330112845,1.171014872095336
05270541,06,S49E,14034.295934326552,0.9161233851687952
05271321,06,NA,34882.39698207596,0.9019113987266998
05271691,06,S49C,13295.60793501447,0.8369001535159162
05272071,06,NA,39143.93921035158,0.9343278344912825
05272421,06,S49A,32784.34313425382,1.0489411484845643
05273211,06,S49A,34727.35180266273,1.110616589177161
05273221,06,S49A,41004.97046879856,1.3119616470881037
05273251,06,NA,34298.577462151115,0.792159036
05273311,06,S49A,30082.663110536672,0.9620746461475966
05273881,06,S49B,20714.74203160468,0.8369001535159162
05273951,06,S49E,9445.277062616706,0.6369192587289625
05274622,06,S49E,7829.231552067993,1.0060229126719176
05274841,06,NA,28869.1792,0.690273387
05274911,06,S49B,27873.393282555913,1.1222737065007113
05275051,06,NA,33967.91502647976,0.7835460256286828
05275101,06,S49B,16076.090589300893,0.7835460256286828
05275201,06,NA,38653.63863155699,1.0028723779064963
05275351,06,S49C,10131.16956392637,0.6369192587289625
05276261,06,S49E,15278.185946556216,1.0070037341452245
05276301,06,NA,65026.21130591908,1.575886838713197
05276341,06,NA,34733.572615182646,0.8369001535159162
05276441,06,S49A,21781.32457086199,1.058073649859597
05276561,06,S49A,22223.643279090407,0.6947000935631749
05276671,06,NA,40175.2275,1.042350147650158
05277321,06,S49A,8679.361579454884,0.690273387
05277341,06,S49A,30110.86410971125,0.9310408101247438
05277361,06,S49C,13653.237473298514,1.100404650560758
05277571,06,S49E,11753.104539376081,0.7746613505262822
05277761,06,S49A,27066.25373,0.8369001535159162
05278171,06,S49C,16631.584731533578,1.0838008843759497
05278311,06,S49B,20437.951712275393,1.0572624612899277
05278331,06,NA,58141.20926369906,1.5084792752484113
05278591,06,S49E,13462.212237315005,0.8873107082380716
05278671,06,S49E,13494.146270704612,1.1278726828245054
05279471,06,S49A,26349.778805654085,1.0445144415375853
05279661,06,S49E,19645.984415736842,1.3276620917776822
05280071,06,S49A,19471.129188679344,0.6086578649272594
05280141,06,NA,34733.572615182646,0.8369001535159162
05280171,06,NA,20104.455278807516,0.6369192587289625
05280181,06,NA,39875.35399116403,0.9299011275443035
05280801,06,NA,38640.65916,0.9310408101247438
05280951,06,S49B,25424.53438566082,1.1538946019145495
05281031,06,S49E,8798.612711709795,0.6452032645431485
05281321,06,NA,27470.400514478173,0.8485572708394664
05281341,06,S49A,30717.24099015196,1.068285588
05282001,06,S49E,12908.731986662555,1.0533732748362303
05282071,06,S49A,34265.467810373695,1.0711215706134591
05282151,06,NA,23812.137044679883,0.555303737
05282271,06,S49E,12725.725873573527,0.8296697431393449
05282431,06,S49C,20509.663286652154,1.4502503975338428
05282631,06,NA,22796.585549197265,0.555303737
05282661,06,NA,30099.68102276553,0.7019305039397462
05282863,06,S49E,9913.653368475127,1.104792806170327
05282981,06,S49C,22837.262867635665,1.488195267751091
05283081,06,NA,48551.39753615324,1.4642052173433318
05283121,06,S49B,25087.456037269643,1.0101027882830675
05283241,06,S49A,29049.06426726702,0.9310408101247438
05283311,06,S49A,31799.263447465095,1.1059162141537944
05283891,06,S49A,46699.74249713816,1.5170536527876028
05284131,06,NA,51392.48533860925,1.1984829043590832
05284341,06,S49C,13486.700313392095,0.8571702809577677
05284391,06,NA,40118.43454731909,1.0155682743544678
05284621,06,S49A,21840.960073183192,0.8657832910760689
05284651,06,S49C,13061.185349965785,0.9235641259102813
05284661,06,S49B,23326.67238309463,0.9412527487411467
05285113,06,S49E,12946.67204104839,0.8562768722152188
05286191,06,S49B,21907.280807973606,0.8820585632501065
05286334,NA,NA,21259.26130380835,0.8568979814532114
05286344,NA,NA,64081.22871627663,1.960156877703362
05286994,NA,NA,12984.97093212427,0.8456509720183882
05287024,NA,NA,12305.864644394069,0.7727951945477342
05287144,NA,NA,24491.204151552163,0.9767795379453232
05287524,NA,NA,17823.38107134045,1.1743371151699504
05289264,NA,NA,18405.973294622083,0.8023409337832792
05289694,NA,NA,25798.233844507682,0.7968250084851336
05289764,NA,NA,28591.91788730688,1.152455693233343
05290044,NA,NA,10574.872128468305,0.6886924076422569
05290094,NA,NA,10357.571354840666,0.8921712961180941
05290254,NA,NA,10574.872128468305,0.6886924076422569
05290624,NA,NA,39272.18008242228,1.7365057714893588
05290924,NA,NA,32107.961925824024,0.7727951945477342
05291014,NA,NA,11170.23274812345,0.701478721
05291124,NA,NA,32197.090885101785,0.8023409337832792
05291534,NA,NA,29197.178101158508,2.0859376378550287
05291674,NA,NA,9834.62768,1.5298529913857135
05291884,NA,NA,22483.80071680431,0.9800988718911607
05292074,NA,NA,30872.111502577132,0.7113599950157152
05292114,NA,NA,41262.02523483118,0.9975256221109212
05292274,NA,NA,14072.317137063608,0.8837265299052833
05292474,NA,NA,13102.476413123353,0.8533035593629259
05292644,NA,NA,18405.973294622083,0.8023409337832792
05292794,NA,NA,35160.60340171754,1.1394091848008707
05292834,NA,NA,10493.803494031077,1.0103119353208374
05292984,NA,NA,23031.194181433166,0.7113599950157152
05292994,NA,NA,34055.159256747625,0.7847042764508378
05293674,NA,NA,35602.25006176035,0.8568979814532114
05293824,NA,NA,12658.375451984462,1.4642336113761845
05294074,NA,NA,12554.315110245712,1.137972676850139
05294564,NA,NA,13605.994928254191,1.003794685747309
05294944,NA,NA,52857.25591952027,1.6168309472639346
05295474,NA,NA,10198.958265528176,1.5298529913857135
05295534,NA,NA,35334.29300685402,1.4942655064179744
05295624,NA,NA,32900.41051898001,0.79186836
05296324,NA,NA,12992.471910647022,0.846139476
05296414,NA,NA,38719.090089607984,0.8921712961180941
05297594,NA,NA,13073.876051994579,0.8130994392536337
05343964,NA,NA,12785.359169781063,0.8709402166953673
05344144,NA,NA,33488.54461248522,0.8023409337832792
05344704,NA,NA,41742.85691762962,1.45319654
05344794,NA,NA,55914.69613123202,1.3271547016039955
05344834,NA,NA,35257.36304519014,1.1390638005050677
05344964,NA,NA,35461.54559493393,1.247687172333857
05345254,NA,NA,18894.372310402036,0.79186836
05345414,NA,NA,15150.12344616475,1.0723527143712155
05345674,NA,NA,24815.30618,0.8638967175765285
05346094,NA,NA,61659.31096151277,1.970185501700735
05346284,NA,NA,10729.49311528851,0.7006014895453607
05346794,NA,NA,29304.98741684861,0.7692007724574488
05346864,NA,NA,29111.43463102056,0.9262091484153601
05347154,NA,NA,16721.40007727651,1.1390638005050677
05347264,NA,NA,31754.847069209398,1.0103119353208374
05347424,NA,NA,35739.50799634677,0.9798854560711397
05347634,NA,NA,19573.894607578637,0.6886924076422569
05347904,NA,NA,19437.43001506443,0.8194925958585917
05349084,NA,NA,61574.03102982048,1.967460572044757
05349464,NA,NA,11877.989603287295,0.8497091372726405
05349614,NA,NA,31754.847069209398,1.0103119353208374
05349774,NA,NA,69771.63284921444,1.6560538996240883
05350074,NA,NA,26481.34849,0.695085564
05351074,NA,NA,24753.709815764785,0.8709402166953673
05351684,NA,NA,22450.276922048863,0.9465158561772485
05351834,NA,NA,19400.956408863014,0.8130994392536337
05351964,NA,NA,15526.563015439051,1.0087691228384044
05352584,NA,NA,33552.02596596769,1.3930675503871062
05352744,NA,NA,27024.237691113027,0.9407963805719062
05353274,NA,NA,16752.656869485574,0.7692007724574488
05353284,NA,NA,14774.372837862034,0.9911324655059631
05353574,NA,NA,35232.03561399629,1.4390730091560533
05353594,NA,NA,14135.95860083538,1.0486981548032488
05354044,NA,NA,17433.949599021824,1.1277700116677092
05354454,NA,NA,43213.56563971835,1.3807929276619557
05354724,NA,NA,19285.79162966325,0.8130994392536337
05354794,NA,NA,34522.41361571946,0.9465158561772485
05355034,NA,NA,20154.131925491718,0.8497091372726405
05355494,NA,NA,22903.985288729808,0.7006014895453607
05355514,NA,NA,47033.07807344607,1.438677336750375
05356174,NA,NA,12732.500215998954,0.79186836
05356414,NA,NA,25887.671571962037,0.79186836
05356554,NA,NA,17595.397609416483,1.0917222615203754
05356594,NA,NA,17469.061635556194,0.8412856231529917
05356834,NA,NA,41117.92561164798,0.9800988718911607
05357114,NA,NA,38912.800168468435,1.8120188104375696
05357224,NA,NA,26133.941263940003,1.6253399452991715
05357954,NA,NA,29843.56802872293,0.7113599950157152
05357974,NA,NA,44779.544047436386,1.067378277
05358134,NA,NA,22041.892051829305,1.0264057801708457
05359214,NA,NA,12440.048415766196,0.8130994392536337
05359314,NA,NA,37235.755102340736,0.8497091372726405
05360194,NA,NA,12368.02668003098,0.7692007724574488
05360654,NA,NA,9142.107568392346,0.7113599950157152
05362114,NA,NA,33660.47628,0.8023409337832792
05362624,NA,NA,11981.942274279882,0.7727951945477342
05362634,NA,NA,18268.884806283848,1.1361909760122288
05362694,NA,NA,18142.46327279032,1.128328482
05362704,NA,NA,10900.541041543785,0.6779339021719025
05362764,NA,NA,30459.851570288658,0.9317250737135057
05362824,NA,NA,19726.040955844986,1.2722636538528123
05362904,NA,NA,19927.457687307287,0.7954627819211924
05363044,NA,NA,42203.10027737593,1.290934941890261
05363104,NA,NA,49870.448141831024,1.1380291698000606
05364014,NA,NA,40747.02661761138,1.246395646127581
05364184,NA,NA,11689.793621758232,0.9465158561772485
05364354,NA,NA,17601.01569853006,1.1352066334170972
05365324,NA,NA,21663.147792407784,1.0087691228384044
05365554,NA,NA,35647.70667524438,0.8497091372726405
05365964,NA,NA,28563.13400803675,1.1401810705081923
05365974,NA,NA,36792.81531076336,1.4686928799981422
05366094,NA,NA,41718.020569432374,1.276097019072492
05366224,NA,NA,36276.03046,1.1096340069972648
05366344,NA,NA,21978.430759362505,0.8773333733003253
05411713,NA,NA,20713.31417635609,0.8348924665480337
05411723,NA,NA,29308.541434705767,1.2394401806994595
05411903,NA,NA,19819.214411879908,1.1394091848008707
05411963,NA,NA,15474.81210080714,1.1523018025424883
05412213,NA,NA,28613.673789887696,0.6886924076422569
05412553,NA,NA,27030.71672909954,0.8348924665480337
05412943,NA,NA,13530.629724608232,0.8497091372726405
05414023,NA,NA,18648.190055554904,1.228681675229105
05414273,NA,NA,16324.394888917835,1.115418075376524
05414893,NA,NA,34366.07128788928,0.79186836
05415193,NA,NA,13073.876051994579,0.8130994392536337
05415753,NA,NA,13693.766964407188,1.4212296195569243
05415983,NA,NA,14206.790216996797,0.8921712961180941
05416423,NA,NA,38719.090089607984,0.8921712961180941
05416443,NA,NA,14206.790216996797,0.8921712961180941
05416823,NA,NA,21643.329346917246,1.2349715594816062
05417003,NA,NA,14797.115035385717,0.963667518
05417103,NA,NA,30584.987380378217,0.9911324655059631
05417133,NA,NA,12609.582617759886,0.79186836
05417453,NA,NA,29108.470278031175,0.7006014895453607
05417613,NA,NA,20847.03760649463,1.2965332178863789
05417683,NA,NA,70104.59951736433,1.7720659766044342
05417773,NA,NA,26325.139458891208,0.8130994392536337
05418273,NA,NA,20800.015751620296,1.4212296195569243
05418473,NA,NA,24378.368128958336,1.5161561404393602
05418513,NA,NA,15024.763828638539,1.0079510557092677
05419323,NA,NA,30405.206162370967,0.7006014895453607
05419663,NA,NA,29555.462814291797,0.7113599950157152
05419723,NA,NA,30405.206162370967,0.7006014895453607
05420043,NA,NA,31731.960742366788,0.9800988718911607
05421403,NA,NA,12485.14213663719,0.8130994392536337
05421503,NA,NA,19256.403831656997,1.254080328938815
05421883,NA,NA,18165.72889429664,0.79186836
05422643,NA,NA,36060.658481791455,1.1685762333109881
05422813,NA,NA,21551.97401071856,0.9465158561772485
05422833,NA,NA,28242.41456180016,0.8638967175765285
05423063,NA,NA,22297.30190455416,0.6886924076422569
05423153,NA,NA,47074.45464576612,1.525487642520317
05423643,NA,NA,12386.86291,0.9189387605035896
05424203,NA,NA,15906.272552718088,1.1378781746241828
05424513,NA,NA,20848.768598350925,0.9572743616476029
05424553,NA,NA,10729.49311528851,0.7006014895453607
05424583,NA,NA,12333.230622257232,0.8729680244349289
05424593,NA,NA,24657.011492617996,0.79186836
05425053,NA,NA,11629.538490621284,0.7875030109655106
05425113,NA,NA,24521.084282233747,0.7875030109655106
05425893,NA,NA,33361.018181146515,0.8348924665480337
05425923,NA,NA,16050.159450076759,1.0767180632366116
05426003,NA,NA,14389.353698394609,1.537021124
05426193,NA,NA,23539.80431252005,0.8194925958585917
05426583,NA,NA,19954.33577478942,0.8412856231529917
05427953,NA,NA,29297.43984004499,0.9465158561772485
05428213,NA,NA,12423.779210785162,0.8412856231529917
05428323,NA,NA,26700.745010637598,0.8575035609715704
05428433,NA,NA,11624.588234125382,0.79186836
05428703,NA,NA,32372.192628204226,0.8497091372726405
05428803,NA,NA,23303.948506715147,0.982507113
05428923,NA,NA,29987.61987456675,1.0550913114082068
05429043,NA,NA,29242.08805798107,0.7006014895453607
05429303,NA,NA,33051.434594480954,0.79186836
05430043,NA,NA,16280.774514904806,1.053173244556341
05430063,NA,NA,19802.697389388242,0.8348924665480337
05430083,NA,NA,10505.088015575522,0.7113599950157152
05430193,NA,NA,27579.312611610396,0.9601202365163014
05430473,NA,NA,33186.36752345805,0.9098849060650799
05430523,NA,NA,58300.36500317316,0.8023409337832792
05430623,NA,NA,12329.36755803126,0.8348924665480337
05430703,NA,NA,10503.324763025574,1.4388662768893656
05431003,NA,NA,33440.15727523321,1.0639317500266956
05431013,NA,NA,19388.713951596157,1.3207615449990375
05431083,NA,NA,16189.388420797066,1.0472616468525175
05432493,NA,NA,34979.059345396716,1.4287400461650068
05432533,NA,NA,56326.988553947704,1.3964991749957687
05432634,NA,NA,13235.729636087106,0.9819132638107014
05432973,NA,NA,39702.31625579847,1.2631685451261208
05433213,NA,NA,35419.577900062664,0.929697266
05433223,NA,NA,21815.165065004036,0.7006014895453607
05433563,NA,NA,32372.192628204226,0.8497091372726405
05433573,NA,NA,40501.96765491171,1.6816265260439205
05433593,NA,NA,18845.300203533723,1.9126936172621443
05433703,NA,NA,20177.652145844924,0.8456509720183882
05433913,NA,NA,17762.15620565192,1.1490010910904358
05433933,NA,NA,12464.829433010489,0.9247228288828485
05434133,NA,NA,56803.83603639486,2.115391907043862
05434153,NA,NA,31211.947762012627,0.7811098543605526
05434203,NA,NA,18074.64141556306,0.7620366890773798
05434533,NA,NA,27615.31643,0.8921712961180941
05435133,NA,NA,40395.074977897355,2.512278125
05435993,NA,NA,23255.701142462323,0.7113599950157152
05436273,NA,NA,25146.625348852245,0.7692007724574488
05436833,NA,NA,36790.37004880176,1.1253669495587146
05436903,NA,NA,8160.837987077045,0.8921712961180941
05437383,NA,NA,28431.621382549103,0.8696842946631275
05437503,NA,NA,22514.654919352524,0.6886924076422569
05437583,NA,NA,63384.33464423783,1.5108474942809613
05438043,NA,NA,46044.66740995123,1.0507259625428103
05438163,NA,NA,38527.17678896335,1.1784934851319093
05438183,NA,NA,17252.71015158633,0.6886924076422569
05438293,NA,NA,33707.736366929035,0.7692007724574488
05438433,NA,NA,26439.04414300731,0.8087340903882373
05438843,NA,NA,28892.598490701777,0.6886924076422569
05438953,NA,NA,22753.85341934864,0.9203574800174522
05440323,NA,NA,29546.746092621823,1.837591436857402
05440393,NA,NA,13003.685338245845,0.8087340903882373
05441253,NA,NA,37429.11459110945,0.8921712961180941
05441283,NA,NA,23255.701142462323,0.7113599950157152
05441353,NA,NA,35631.45347722006,0.8130994392536337
05441593,NA,NA,14209.493400273946,0.8837265299052833
05441693,NA,NA,13280.210663785427,0.8985644527230522
05442273,NA,NA,35766.16030646851,0.8525326325878151
05442343,NA,NA,34701.07007981363,0.79186836
05442673,NA,NA,24794.909495119733,0.7584422669870944
05442683,NA,NA,94609.82251,0.8575035609715704
05443033,NA,NA,35647.70667524438,0.8497091372726405
05443343,NA,NA,77687.38223719128,2.3763504485412827
05443663,NA,NA,37301.14000396973,1.140990701796356
05444423,NA,NA,12900.889378736962,0.8023409337832792
05444983,NA,NA,35631.45347722006,0.8130994392536337
05445053,NA,NA,28892.598490701777,0.6886924076422569
05445093,NA,NA,13832.830540713421,0.8921712961180941
05445263,NA,NA,19276.292896969444,0.7113599950157152
05445533,NA,NA,27043.82214233867,1.2593263454670183
05445553,NA,NA,11265.01457751176,0.7006014895453607
05445573,NA,NA,10659.845966555586,1.787563454020862
05445783,NA,NA,20707.629566591975,0.9972505339664732
05446273,NA,NA,19657.94204507779,0.7847042764508378
05538272,NA,NA,42571.82411526331,2.3354870769717104
05538442,NA,NA,30252.994669520398,0.9803739600356087
05538922,NA,NA,13645.103706925784,0.8568979814532114
05540212,NA,NA,27306.740703724376,1.4212296195569243
05540312,NA,NA,55916.41317283394,1.8120188104375696
05540702,NA,NA,11327.58054638695,0.7113599950157152
05540892,NA,NA,39623.593550905985,1.7033954386087804
05540962,NA,NA,20713.31417635609,0.8348924665480337
05541112,NA,NA,53681.11784709024,1.2369286668635024
05541362,NA,NA,26510.344797941707,0.8921712961180941
05541532,NA,NA,29390.438736704527,1.6896601018582973
05541662,NA,NA,18405.973294622083,0.8023409337832792
05542012,NA,NA,15574.828827079664,1.0045243582342382
05542264,NA,NA,42812.48891352524,0.9864920284961187
05542662,NA,NA,29720.652208359184,0.9091139792899688
05543512,NA,NA,39296.656931646285,0.9500120735598278
05543822,NA,NA,34820.56756690688,0.8023409337832792
05543842,NA,NA,33335.52322167342,0.8023409337832792
05543942,NA,NA,47401.17417351656,1.1459419523671548
05544682,NA,NA,22269.04669525125,1.5216059997513156
05544732,NA,NA,31235.58551628703,1.0122156500918287
05544772,NA,NA,23384.060372897184,0.7811098543605526
05544802,NA,NA,23031.194181433166,0.7113599950157152
05545152,NA,NA,20294.292235500354,1.3866743937821482
05545162,NA,NA,25976.819015900495,0.8023409337832792
05545222,NA,NA,35986.631592987185,0.9034917494601218
05545662,NA,NA,20680.84264405726,1.286197107139483
05545882,NA,NA,25637.755973325016,0.79186836
05546162,NA,NA,24969.516578446255,0.7712285801970105
05546192,NA,NA,36175.81589273088,1.5298529913857135
05546202,NA,NA,7234.397693371662,1.1253669495587146
05546382,NA,NA,13662.525645260557,0.8497091372726405
05546512,NA,NA,14434.21746433388,1.2433218234684604
05546522,NA,NA,30322.832974690966,0.9365754178360309
05546822,NA,NA,36876.28685116045,0.8497091372726405
05546872,NA,NA,22297.30190455416,0.6886924076422569
05547042,NA,NA,35287.47290711304,0.8130994392536337
05547762,NA,NA,17080.14140741363,1.1253669495587146
05547822,NA,NA,23607.054510134218,1.6130297929069615
05547972,NA,NA,13535.089956392556,0.8729680244349289
05548152,NA,NA,33382.327065848294,0.7692007724574488
05548432,NA,NA,33091.33277115987,1.0723527143712155
05548882,NA,NA,27969.766636607394,0.8638967175765285
05549252,NA,NA,12882.087206071463,0.8389506318022861
05549362,NA,NA,14505.446981110135,0.9911324655059631
05549422,NA,NA,42633.21109707852,1.304091441824859
05549592,NA,NA,14137.277113600023,0.8878059472526978
05549812,NA,NA,32147.899822640316,0.8814127906477397
05549912,NA,NA,25967.980888629114,0.8389506318022861
05550102,NA,NA,19802.697389388242,0.8348924665480337
05550222,NA,NA,11901.466812415027,1.252681691
05550292,NA,NA,14715.903352912615,1.0917222615203754
05550342,NA,NA,19920.948862607565,0.8348924665480337
05550762,NA,NA,27253.146433160222,1.836125199344158
05550922,NA,NA,51765.90372577985,1.228681675229105
05551572,NA,NA,15526.563015439051,1.0087691228384044
05551652,NA,NA,22582.122473367235,1.4670756473090203
05551782,NA,NA,31641.841084780808,0.79186836
05552652,NA,NA,32814.43085838299,1.1423707167971662
05552692,NA,NA,11747.08529541653,0.7954627819211924
05552892,NA,NA,27994.95739505084,0.7006014895453607
05553092,NA,NA,37156.21192407501,1.1821617120808896
05553922,NA,NA,56222.40996,1.3344583959453906
05553992,NA,NA,25527.293626370913,0.8886831785595102
05554212,NA,NA,31094.549521823625,0.8525326325878151
05554222,NA,NA,11181.820119986161,0.7501276071742762
05554262,NA,NA,29242.08805798107,0.7006014895453607
05554452,NA,NA,16872.648012332353,0.7113599950157152
05554642,NA,NA,16617.468529072215,0.7006014895453607
05554692,NA,NA,18506.013641784328,1.241467988439021
05554742,NA,NA,15099.820936639802,0.9767795379453232
05555242,NA,NA,21320.52476756183,1.0800882677617198
05555312,NA,NA,12588.109730409353,0.8575035609715704
05555342,NA,NA,29242.08805798107,0.7006014895453607
05555702,NA,NA,31641.841084780808,0.79186836
05555882,NA,NA,29691.132442029597,0.7113599950157152
05556102,NA,NA,20271.88346167673,0.9825636063245822
05556262,NA,NA,24983.104047138135,0.8023409337832792
05556572,NA,NA,26331.681872291858,0.8456509720183882
05556972,NA,NA,14473.719333845116,0.9800988718911607
05557032,NA,NA,11277.782351133714,0.7982615164358651
05557232,NA,NA,19954.33577478942,0.8412856231529917
05557402,NA,NA,40661.84850383803,1.2992585084938473
05557462,NA,NA,9865.549552525032,0.8814127906477397
05557772,NA,NA,9283.250207460389,0.6886924076422569
05557922,NA,NA,39420.732928738165,1.2596014336114663
05557934,NA,NA,49145.41148024787,1.5636099798097476
05558222,NA,NA,17086.719935606518,1.1101333543352678
05558352,NA,NA,18506.072959492012,0.8497091372726405
05558922,NA,NA,19046.916201862197,0.7982615164358651
05559092,NA,NA,15756.414577074018,1.1152670802006461
05559282,NA,NA,11657.768189088029,1.0415340714231798
05559372,NA,NA,12663.279415195077,0.8575035609715704
05559512,NA,NA,23652.351721736177,1.5300269640958355
05559592,NA,NA,19937.304955090982,0.701478721
05560052,NA,NA,11694.00426655892,0.79186836
05560212,NA,NA,36547.46460151478,0.9593021693871646
05560252,NA,NA,19802.697389388242,0.8348924665480337
05560372,NA,NA,43642.46526432186,1.8120188104375696
05560812,NA,NA,37368.42663261547,1.526335144264617
05560832,NA,NA,9662.716029,0.8632911380581695
05561302,NA,NA,64488.14473763706,2.0834261240190717
05561352,NA,NA,22533.203212090735,0.9500120735598278
05561392,NA,NA,22349.229500914553,0.7177531516206732
05561772,NA,NA,43012.37355224579,1.3156895011809562
05561952,NA,NA,9142.107568392346,0.7113599950157152
05562032,NA,NA,11029.409158656259,0.7113599950157152
05562482,NA,NA,12265.712627461282,0.7910974330557959
05563082,NA,NA,34716.73398936959,1.616624214997247
05563112,NA,NA,35690.46168238637,1.0917222615203754
05563332,NA,NA,29843.56802872293,0.7113599950157152
05563482,NA,NA,11438.001250769377,0.7113599950157152
05563602,NA,NA,21007.22553829435,0.8497091372726405
05563782,NA,NA,29843.56802872293,0.7113599950157152
05563913,NA,NA,12900.889378736962,0.8023409337832792
05564202,NA,NA,44278.67112914707,1.3544238069098926
05564232,NA,NA,23255.701142462323,0.7113599950157152
05564802,NA,NA,32709.506743135757,0.7796733464098211
05564832,NA,NA,39927.95404912421,0.9111443368046596
05565002,NA,NA,33542.87618978505,1.0260305674297907
05565212,NA,NA,27414.268810643578,0.8497091372726405
05565932,NA,NA,30204.63863441123,1.205706531
05566392,NA,NA,46281.20741700559,1.4156786448106429
05567652,NA,NA,15367.191814394242,0.9911324655059631
05568042,NA,NA,39376.681310805674,0.8985644527230522
05568052,NA,NA,25993.8005,1.616624214997247
05568152,NA,NA,37057.91913360302,0.8456509720183882
05568842,NA,NA,32041.28235,0.9800988718911607
05569212,NA,NA,13043.86445971629,0.8412856231529917
05569382,NA,NA,13043.86445971629,0.8412856231529917
05569732,NA,NA,55607.89843215235,1.268956122
05569852,NA,NA,51892.66345432174,1.2369286668635024
05570152,NA,NA,27778.595778351963,0.8497091372726405
05570202,NA,NA,14061.696415821723,0.8745346387856527
05570672,NA,NA,45124.09546599822,1.8012603049672153
05570942,NA,NA,21055.999682543254,1.0917222615203754
05570962,NA,NA,23255.701142462323,0.7113599950157152
05571042,NA,NA,42949.663560119945,0.9800988718911607
05571072,NA,NA,30179.717631517335,0.6886924076422569
05571842,NA,NA,13694.97112466279,1.108873923595688
05571852,NA,NA,36586.462422842975,0.8348924665480337
05571972,NA,NA,45484.34858264704,1.0379396493328943
05572064,NA,NA,41606.22191398631,0.9917380450243221
05573462,NA,NA,21765.226763015617,1.3536378657602648
05574571,NA,NA,11709.545869327929,1.2718379747387973
05574631,NA,NA,15030.27976336752,0.8696842946631275
05574811,NA,NA,22563.30302688822,1.3207615449990375
05574991,NA,NA,35699.451548140925,0.8601817112250129
05575011,NA,NA,46981.173271049636,1.0917222615203754
05575151,NA,NA,11456.752965278816,0.7006014895453607
05575231,NA,NA,32486.78431,0.9908573773615151
05575411,NA,NA,25250.352381945104,1.0806332646761099
05575441,NA,NA,41767.19398248621,1.7930133133328177
05575581,NA,NA,27859.021996748925,0.8497091372726405
05575781,NA,NA,43184.568567121554,1.3819216563866086
05575861,NA,NA,45393.71228983318,1.5188342906928025
05576161,NA,NA,13747.549802831956,0.7954627819211924
05576271,NA,NA,11902.295604613424,0.6886924076422569
05576591,NA,NA,16283.94397462443,1.0447671828565832
05576721,NA,NA,16673.549732135787,1.0122156500918287
05576741,NA,NA,53570.65061059872,1.7924275635928535
05577001,NA,NA,23265.26359089276,1.1065389322449826
05577951,NA,NA,23323.032411255823,0.7113599950157152
05578221,NA,NA,11446.577656124346,1.2394401806994595
05578523,NA,NA,37797.68847038421,0.8709402166953673
05578701,NA,NA,41574.40296,1.0135956650926388
05579341,NA,NA,27741.985156693016,0.846139476
05579481,NA,NA,19765.590544923623,1.254626996520371
05579601,NA,NA,19864.138988657607,2.123362853228043
05579721,NA,NA,13474.669592739758,0.7796733464098211
05580131,NA,NA,17124.448122992668,0.9908573773615151
05580221,NA,NA,37068.73806807435,1.1862128906434295
05580331,NA,NA,14301.036274770666,0.8745346387856527
05580361,NA,NA,30612.664376178956,0.7113599950157152
05580411,NA,NA,6785.4802092539285,0.9911324655059631
05580501,NA,NA,14795.54944478467,0.8561022938775986
05580651,NA,NA,28886.3477,1.373888080572232
05580671,NA,NA,20399.665266246175,0.6779339021719025
05580781,NA,NA,55338.28999465665,1.671541549607744
05581001,NA,NA,16748.27286099548,0.9803739600356087
05581111,NA,NA,23223.253342824657,0.701478721
05581131,NA,NA,37496.914329953026,0.9034917494601218
05581141,NA,NA,29670.428195366097,0.9049576093280102
05581391,NA,NA,35474.81036431271,1.1352066334170972
05581651,NA,NA,33768.96201340527,0.7847042764508378
05581711,NA,NA,10521.762823785548,1.124716271027856
05581791,NA,NA,47002.81792806858,1.1459419523671548
05582021,NA,NA,19791.45774,1.1390638005050677
05582611,NA,NA,12897.798566864642,0.7811098543605526
05582841,NA,NA,18743.98735490589,0.8497091372726405
05582881,NA,NA,34077.26116097284,0.79186836
05583121,NA,NA,9027.330591,0.8745346387856527
05583331,NA,NA,20990.251470260027,1.228681675229105
05583941,NA,NA,13652.778197802889,0.8348924665480337
05583971,NA,NA,21410.98197900783,1.4184035744666208
05584041,NA,NA,18535.91221512956,1.1892519906022636
05585021,NA,NA,46286.06092561367,1.1152670802006461
05585091,NA,NA,32456.381921400545,1.9656067370153179
05585114,NA,NA,19900.897762249722,1.3597944200249052
05585401,NA,NA,36163.716085235144,0.9572743616476029
05585651,NA,NA,33704.26572031007,0.8921712961180941
05586051,NA,NA,29441.610183373945,0.7113599950157152
05586324,NA,NA,31028.73830264083,1.0917222615203754
05586511,NA,NA,11018.487336679662,0.7006014895453607
05587372,NA,NA,19802.697389388242,0.8348924665480337
05587731,NA,NA,10780.068465447463,1.3866743937821482
05587864,NA,NA,31785.46866019842,0.7954627819211924
05588061,NA,NA,12197.918077094038,0.8497091372726405
05588102,NA,NA,27907.766263045603,0.9819132638107014
05588231,NA,NA,57397.18203263562,1.373888080572232
05588244,NA,NA,32060.309024098824,0.8023409337832792
05588311,NA,NA,32025.11642046739,0.8023409337832792
05588371,NA,NA,7473.441858112019,0.9613325269018554
05588571,NA,NA,45796.54981739082,1.574368485280102
05588651,NA,NA,25299.675771693772,0.8023409337832792
05589021,NA,NA,12554.298184586438,0.8745346387856527
05589041,NA,NA,22750.185483027934,0.7904318518801755
05589083,NA,NA,22724.157436419046,0.7910974330557959
05589261,NA,NA,43581.21102565482,1.081684064486734
05589511,NA,NA,50726.9984,2.046047433652089
05589611,NA,NA,14554.114756534502,0.9593021693871646
05589941,NA,NA,12453.858042431733,0.79186836
05590041,NA,NA,33579.578069511044,0.8412856231529917
05590091,NA,NA,33704.26572031007,0.8921712961180941
05590331,NA,NA,31092.838486038756,0.9810706054239295
05590481,NA,NA,26527.692407261802,0.8412856231529917
05590571,NA,NA,59256.91423532327,1.4184035744666208
05590621,NA,NA,12689.085979330805,1.5444305099948736
05590731,NA,NA,32157.226480540063,1.0103119353208374
05590821,NA,NA,23220.49993160078,0.7982615164358651
05591171,NA,NA,17566.47872559793,1.1065389322449826
05591631,NA,NA,21895.49766065572,1.1097545912584952
05592281,NA,NA,15002.232459310944,0.7113599950157152
05593641,NA,NA,17220.74948598384,1.0264057801708457
05593651,NA,NA,32504.576907175968,0.8921712961180941
05593721,NA,NA,33324.39778897539,0.8348924665480337
05593821,NA,NA,33412.234220500046,1.0497416199476786
05593831,NA,NA,20669.803211093957,0.9800988718911607
05593971,NA,NA,23652.11786467294,0.8130994392536337
05594391,NA,NA,24161.413370310605,1.247687172333857
05594881,NA,NA,21498.977001030613,1.0039187787158792
05595061,NA,NA,61091.0125,1.9489782241462992
05595151,NA,NA,17726.765609610964,0.7692007724574488
05595321,NA,NA,13771.170345327997,0.9593021693871646
05595791,NA,NA,13028.863092391108,0.8497091372726405
05595921,NA,NA,27426.598178802407,0.9529090127822066
05596061,NA,NA,39311.20646920834,1.235074831834063
05596401,NA,NA,28024.37802492672,0.7692007724574488
05596671,NA,NA,25777.627635153636,1.5364201207007935
05596801,NA,NA,32017.98868607559,0.9800988718911607
05597611,NA,NA,14113.156840255306,0.8087340903882373
05597621,NA,NA,14592.219912836183,0.8837265299052833
05597791,NA,NA,55922.858038431026,1.3344583959453906
05597881,NA,NA,70386.57853302543,1.679598718304359
05598411,NA,NA,49667.49694,1.143003606891156
05598641,NA,NA,19213.560673833923,1.1636017962198928
05598961,NA,NA,27761.646876173087,0.8497091372726405
05599531,NA,NA,36566.01645609887,1.1045085747302916
05599561,NA,NA,12935.100584357888,0.7006014895453607
05600301,NA,NA,33209.53435520828,1.0031230911402664
05600321,NA,NA,28368.585276639682,0.8568979814532114
05600581,NA,NA,54638.06448845921,1.6503906244921116
05600741,NA,NA,13075.444560782793,0.79186836
05600801,NA,NA,39167.72416621651,1.1830954363376232
05601101,NA,NA,14039.307370226483,0.8601817112250129
05601171,NA,NA,13051.724734327137,0.7904318518801755
05601311,NA,NA,40234.21121,1.2153096122792246
05601601,NA,NA,13531.579930039243,0.8194925958585917
05602091,NA,NA,29926.089336142984,0.6886924076422569
05602511,NA,NA,11445.024309326289,0.8709402166953673
05602801,NA,NA,52103.61749843212,1.2433218234684604
05602991,NA,NA,15398.95784846578,0.7006014895453607
05603351,NA,NA,31621.401858949288,1.8120188104375696
05603361,NA,NA,18676.06507024024,1.1310502634551383
05603421,NA,NA,34665.68180679447,1.5563062854683527
05604071,NA,NA,40120.11,1.2118630850258003
05604201,NA,NA,40300.29810854419,2.3093504381829497
05604441,NA,NA,12492.81996935684,0.9811270983738509
05604901,NA,NA,19224.190857303834,0.8745346387856527
05605091,NA,NA,80042.36285671602,1.9100097329082957
05605131,NA,NA,37235.20872361647,0.8568979814532114
05605161,NA,NA,24955.99400874314,1.1203925124676193
05605221,NA,NA,28553.895874784674,0.8624954504825566
05605581,NA,NA,39665.43431923551,0.9465158561772485
05605751,NA,NA,18350.623132014338,0.8348924665480337
05605791,NA,NA,24300.169892851456,1.4716544119944377
05606031,NA,NA,14546.006804896419,0.8809277953906108
05606951,NA,NA,52667.41312581101,1.2567753885211626
05607761,NA,NA,36556.79725275422,0.8412856231529917
05607951,NA,NA,29810.80874184915,0.7113599950157152
05090634,06,S49E,10663.599090171174,0.7016762538356648
05090764,06,NA,29359.316834205274,0.6937896068744357
05091404,06,S49A,18919.855023749533,0.627116395
05091464,06,NA,49178.47974,1.3482633824350763
05091814,06,S49E,12270.904185123647,0.8807895140158453
05092244,06,S49B,14683.553376776219,0.723081411
05092454,06,S49E,10814.718726548437,0.7116200879424761
05092944,06,S49A,19350.509957127353,0.6450378026532868
05093244,06,NA,52321.61617300566,1.236411382481929
05093284,06,S49A,17246.175540879383,0.627116395
05093884,06,S49C,22452.83372805746,1.1393359046255132
05094224,06,S49A,22670.758758429263,0.7557163323560737
05094264,06,S49B,20475.046750628117,0.7647994730011907
05094314,06,NA,41312.965889185005,0.9512343550116271
05094544,06,S49B,14212.486615807633,0.6664429597134451
05094684,06,S49E,11482.228010435058,0.7512711911362302
05095244,06,NA,26537.885198218548,0.627116395
05095274,06,S49E,14466.44917494957,0.9519078668982216
05095744,06,NA,51595.70565519471,1.2079937676601724
05095784,06,S49C,16747.835129897394,0.8357748838668033
05095794,06,S49B,14316.736814785087,0.8429093241219594
05095884,06,NA,30451.444531958256,0.7195976612770487
05096724,06,S49B,21616.573678598277,0.8807895140158453
05096764,06,S49C,18350.856412230332,0.9311871207131686
05097144,06,S49E,12360.761174866326,0.8087527753980247
05097274,06,S49A,32732.65368854863,1.1094914322642828
05097294,06,S49E,5797.863874,0.7827208804425745
05097434,06,S49C,15847.225875957094,0.7908313679566409
05097794,06,S49A,26422.83319053491,0.8807895140158453
05098524,06,NA,31033.39749753499,0.7333497836948463
05098854,06,S49A,40629.61153390675,1.3771631937335416
05098994,06,S49A,18812.88507419218,0.627116395
05099144,06,S49B,17464.772022595156,0.7116200879424761
05099204,06,NA,49312.078073397905,1.1652930295995527
05100274,06,NA,47787.24025060267,1.129259608263541
05100304,06,S49A,28718.68599703161,0.9519078668982216
05100674,06,S49C,7172.559055206524,0.7016762538356648
05100684,06,S49A,23720.71534771163,0.7907160141594249
05100814,06,S49E,5818.583174363694,0.8807895140158453
05100994,06,S49A,31066.740118401074,1.0530243688065424
05101724,06,NA,50698.855337886715,1.4654450707208988
05102364,06,S49C,16827.12253542982,0.8889718293077957
05102724,06,S49C,20191.675181817016,1.035758912869475
05102734,06,S49E,7897.570792322382,0.7736377397974576
05102754,06,S49A,20073.355205054988,0.6845979794736974
05103114,06,S49B,21195.33579207839,1.1548143826014576
05103394,06,S49A,11303.713038817303,0.7790065808416049
05103414,06,NA,21036.919836649344,0.5997697480509123
05104364,06,NA,31000.98726535948,0.7333497836948463
05104404,06,NA,46464.997399563406,1.2259151751015562
05104744,06,S49B,12633.523315689661,0.7025193869150813
05105534,06,NA,39740.895348252576,0.9159939377765742
05105744,06,NA,57030.38409,1.578761155
05105774,06,S49E,6924.930798611714,0.627116395
05105804,06,S49A,37052.40841445372,1.236411382481929
05106434,06,S49E,16726.62788728772,1.2611731527188867
05107014,06,S49A,28252.527953544635,0.9680677555247446
05107224,06,S49A,29571.71810526593,1.0132695672488865
05107264,06,S49A,25825.961083496175,0.8807895140158453
05107344,06,NA,26620.984447856357,0.627116395
05107414,06,S49E,10001.35578991734,0.905088712
05107424,06,S49A,33021.35525,1.1652930295995527
05107464,06,S49C,32447.298225521514,2.2269398165910945
05107504,06,S49C,19994.388313903917,1.2811443733341519
05107924,06,S49A,35998.59020800978,1.4057449666968707
05108274,06,S49E,15177.28174228618,0.9997254915334637
05108294,06,NA,37389.36524937744,0.8807895140158453
05108544,06,S49C,34304.697895273894,1.7597052388363175
05108664,06,S49A,22906.957174992025,1.0714876697598847
05108794,06,S49B,18246.877286972594,0.9411740289149786
05109974,06,NA,30085.865739738278,0.7333497836948463
05110344,06,S49C,16297.97391894612,0.8360263126391883
05111104,06,S49A,21391.16096270899,0.7295414953838599
05111604,06,NA,34750.58292283035,0.8249879166805756
05111734,06,NA,28556.512739591788,0.6758681994330519
05111864,06,S49A,15844.123375069303,0.5403608284863561
05112464,06,S49A,27911.249094576604,0.9519078668982216
05112754,06,NA,26679.66871335998,0.6450378026532868
05114254,06,NA,36308.25464853171,0.8628681065744614
05114434,06,NA,33124.02134485467,0.8079096423186082
05114784,06,NA,40277.416385647615,1.0354200639735232
05114834,06,NA,33277.05181479962,0.7908313679566409
05114954,06,S49A,18680.783715077956,0.6774246137490645
05115704,06,NA,28068.284987479263,0.6845979794736974
05115784,06,NA,36331.283058215944,0.9339759796952347
05115864,06,S49A,24166.699521986895,0.8314726846637234
05115894,06,S49E,10080.097921549555,0.6845979794736974
05116034,06,S49A,24499.104704293357,0.8429093241219594
05116304,06,S49A,24332.758774620168,0.8807895140158453
05116344,06,S49B,16840.977318232566,0.627116395
05116564,06,S49E,14651.815474984942,0.9950898639935232
05116624,06,S49B,20538.40511,0.7647994730011907
05116944,06,S49E,15453.577337393679,1.106203753865257
05117904,06,NA,33042.003769148956,0.8059091970960194
05118464,06,S49A,36121.916910888904,1.3075297353643052
05118824,06,S49C,17848.78558554177,0.967224622
05119204,06,NA,31138.534975343708,1.314687200768244
05119284,06,NA,41370.10714248424,1.0635100964253121
05119394,06,S49A,39001.18016795577,1.825296028470235
05119574,06,S49E,9233.732586831313,0.627116395
05120044,06,S49E,26465.16807075148,2.061323023971571
05120084,06,NA,57358.54346269641,1.4745282113660156
05120274,06,NA,34714.310486819595,0.8249879166805756
05120354,06,NA,29943.954550134113,0.7116200879424761
05120454,06,NA,52754.22240740749,2.041135443444704
05120644,06,S49B,21237.481960273635,0.7908313679566409
05120834,06,S49A,17734.468672731433,0.9772662499670773
05120994,06,NA,66553.12318845141,1.813877779611887
05121514,06,S49E,10436.249576794342,0.6845979794736974
05121614,06,S49C,13622.858599849334,0.7016762538356648
05121804,06,S49A,26041.678835073526,0.8959826969524396
05122424,06,S49C,12175.298694973106,0.627116395
05122674,06,S49A,35272.54301736654,1.2790945601602708
05122894,06,S49A,18871.100012726794,0.627116395
05123194,06,S49B,18384.623863212226,0.6845979794736974
05123294,06,S49C,18417.424812840807,0.9998449837478278
05123374,06,NA,28068.284987479263,0.6845979794736974
05124024,06,NA,26388.160134944243,0.627116395
05125284,06,S49A,21623.507170096542,0.7827208804425745
05201473,06,S49B,18807.69770128555,0.7025193869150813
05201483,06,NA,54011.35759521944,1.29782735
05201743,06,S49A,29073.73514,0.9691557624530109
05201883,06,S49A,25584.76954744296,0.8528531582287706
05202003,06,S49B,18467.01955825282,0.7908313679566409
05202743,06,S49B,18094.197850778386,0.6758681994330519
05202903,06,NA,27236.23059600421,0.627116395
05203073,06,S49A,35948.283993628764,1.1915396943496506
05203173,06,S49E,13385.640755189943,0.8807895140158453
05203193,06,S49A,33383.32722559566,1.872774802
05203313,06,S49A,21709.97845175229,0.7195976612770487
05203373,06,S49A,10521.824556558868,0.7195976612770487
05203473,06,NA,34427.309766786224,0.8135512772223394
05203583,06,S49E,11514.022423272172,0.9511089733771414
05204283,06,S49B,17268.81310916897,0.6450378026532868
05204413,06,S49B,14012.343368958524,0.8249879166805756
05204453,06,NA,30474.43249630067,0.7016762538356648
05204643,06,NA,53013.688694179546,1.4161425515725168
05204953,06,NA,55085.33137443064,1.2611731527188867
05205003,06,S49A,21885.538975381518,0.7295414953838599
05205043,06,S49C,14065.71598365319,1.2231693902144887
05205153,06,NA,27296.27113,0.6450378026532868
05205183,06,S49A,25614.350846226724,0.8538392333249507
05205503,06,S49A,23480.86907209786,0.7827208804425745
05205643,06,S49A,29323.940788200398,1.288689942187477
05205833,06,S49A,20693.15612957221,0.7908313679566409
05205963,06,NA,38415.105814591065,0.8845108942374897
05206073,06,NA,18633.01000194739,0.9411740289149786
05206273,06,S49A,24885.832874441865,0.8248643440700634
05206743,06,NA,46771.29461,1.1238574266495684
05206913,06,S49A,45943.89257716154,1.522853545062866
05206993,06,NA,30451.444531958256,0.7195976612770487
05207063,06,S49A,22943.244189162688,0.7647994730011907
05207094,06,S49A,19319.814886221444,0.7025193869150813
05207823,06,NA,47388.48402914298,1.1094914322642828
05208473,06,NA,34911.27769891712,0.8249879166805756
05208663,06,S49C,17109.821057321024,0.8538392333249507
05208883,06,NA,28600.93089994942,0.6758681994330519
05209163,06,S49E,13385.640755189943,0.8807895140158453
05209423,06,S49B,66780.07537380341,1.3771631937335416
05209853,06,S49A,24748.839262709036,0.8249879166805756
05210733,06,S49B,28723.34258845189,0.8807895140158453
05210743,06,S49B,19168.100245016376,0.9439198138020459
05211013,06,S49A,30018.646547688342,1.0174986565321393
05211053,06,S49E,14456.213598782004,0.9512343550116271
05211143,06,S49E,12278.061968998805,0.8079096423186082
05211213,06,S49B,6288.387018603107,0.5403608284863561
05211533,06,S49E,11087.076103674792,0.7295414953838599
05211543,06,S49E,9764.710858747825,1.3734012296960918
05211873,06,NA,55679.72116139638,1.337916101237494
05211903,06,S49E,17436.974558069596,1.1473716221581687
05212533,06,S49B,29124.767381657166,1.106203753865257
05212773,06,S49A,22124.87457693758,0.7333497836948463
05212793,06,S49C,23893.43604,1.2124371423482003
05213113,06,S49A,25286.464145644208,0.8429093241219594
05213243,06,NA,32331.04554428721,0.7683494654981976
05214223,06,S49E,9581.083172957995,0.6845979794736974
05214303,06,S49A,26504.596492868986,0.8807895140158453
05214663,06,S49A,19897.795764621373,0.6845979794736974
05214683,06,S49C,16403.03568000501,0.844875585
05215134,06,S49C,17848.78558554177,0.967224622
05215463,06,S49C,21570.320744675988,1.4678536650583425
05215803,06,S49C,16757.290850668945,0.8663041917567555
05216013,06,S49A,28168.44922653883,0.9691557624530109
05216483,06,S49A,27571.906173633033,0.9998449837478278
05216513,06,S49C,13556.04268,0.6982347480942793
05216683,06,S49A,20418.68030675421,0.7025193869150813
05216893,06,NA,33824.224801859586,0.8249879166805756
05217003,06,S49A,13302.22264839131,0.7330252450026342
05217043,06,NA,40780.68704721471,0.9691557624530109
05217473,06,NA,33277.05181479962,0.7908313679566409
05217633,06,NA,30767.295884121937,0.7504280580568138
05217763,06,NA,29525.53224644487,0.7016762538356648
05217843,06,NA,27710.366966384285,0.6758681994330519
05217853,06,S49A,20608.017731112355,1.1356145244038685
05218063,06,S49B,33868.33548200542,1.2611731527188867
05218103,06,NA,32419.088421284385,0.7907160141594249
05218293,06,S49A,23770.85811998633,0.8178534764254194
05218433,06,S49E,10080.097921549555,0.6845979794736974
05218453,06,S49C,13121.802059967687,0.6758681994330519
05218593,06,NA,41575.501551801986,1.0140450109675672
05219203,06,S49A,23271.126435374463,0.8006598482662362
05219223,06,S49B,33372.226099214946,1.2426992647795247
05219523,06,S49E,20401.477302169194,1.5890333578675304
05219763,06,S49A,19644.06527530212,0.6758681994330519
05219813,06,NA,37622.825539723846,0.9423791933364958
05219953,06,S49A,25678.58452033241,0.9311871207131686
05220173,06,S49A,40950.6554,1.485000968943989
05220883,06,NA,36308.25464853171,0.8628681065744614
05221213,06,S49A,38730.994283229724,1.3374802199537696
05221343,06,NA,21039.284203395502,0.5
05222003,06,S49C,14908.849137627982,0.8079096423186082
05222583,06,S49B,23653.274481311775,0.8807895140158453
05222983,06,S49E,14141.273529368831,1.0122659317704286
05223093,06,S49E,11972.636115039086,1.3023410210117987
05223623,06,NA,73386.76332312006,0.6114791813687324
05223653,06,NA,72063.44028210054,2.0157434751617878
05224203,06,S49A,44378.19815,0.5403608284863561
05224283,06,S49C,13639.227805247066,0.7025193869150813
05225063,06,S49A,19190.78888631017,0.7330252450026342
05225213,06,NA,33011.24174,0.82583105
05225623,06,S49B,20565.412156264145,0.8802244888848723
05225813,06,S49E,10637.801151073496,0.7161561555356631
05226023,06,S49A,29331.358768831804,1.0050336981003345
05226373,06,S49E,10723.395167837853,0.7469865523154281
05226453,06,S49B,30611.929048906306,1.1753550157577848
05226763,06,S49A,20134.259922876478,0.7690627467347937
05226893,06,S49E,7906.006391692682,0.5347438770777357
05226953,06,S49A,21265.167531704632,0.7504280580568138
05227383,06,S49A,39820.67036663955,1.364448061026942
05227953,06,S49A,29836.761807275332,1.3678665858269583
05228103,06,S49C,26574.544149128847,1.3631766908914116
05228553,06,S49A,20574.11372003148,0.7016762538356648
05228633,06,NA,44775.87040879753,1.2124371423482003
05228783,06,S49A,16121.171853697968,0.627116395
05228913,06,S49A,33187.23320745939,1.1113924682177636
05229353,06,S49A,16912.89231538245,0.7238856185057626
05229453,06,S49A,14728.37578564525,1.0150206063021443
05229693,06,S49E,11030.071317876918,0.7683494654981976
05230183,06,NA,31000.98726535948,0.7333497836948463
05230373,06,S49C,19037.245912889284,1.0885994490322377
05230453,06,S49A,23184.882068669984,0.7907160141594249
05230723,06,S49E,10527.631993417117,0.7333497836948463
05230953,06,S49A,20998.684371527997,0.7161561555356631
05231013,06,NA,35715.53142915619,0.844875585
05231043,06,NA,47329.07556028904,1.2815726103902656
05231053,06,S49A,31383.060414172418,1.0753348835403482
05231123,06,S49E,11225.42899070585,0.7557163323560737
05231183,06,NA,24984.422920940036,0.7310589842303956
05231393,06,S49E,11626.555212268422,0.7827208804425745
05231943,06,NA,33490.68754219641,0.9799573155342054
05232093,06,S49C,13732.734121180292,1.7717343159843981
05232293,06,S49E,7177.769890635001,0.5
05232323,06,NA,34874.817539636926,0.8249879166805756
05232853,06,S49A,23366.81974513347,0.8006598482662362
05233353,06,NA,35792.54961005282,0.8249879166805756
05233443,06,S49A,20073.355205054988,0.6845979794736974
05234393,06,S49A,26249.04521,0.8994187821347339
05234433,06,S49A,26751.112028679472,0.8926647638215663
05234553,06,NA,36430.69033083491,0.8807895140158453
05234673,06,NA,47071.219417172884,1.1473716221581687
05235393,06,S49A,34436.926092969865,1.578761155
05235583,06,S49A,28985.499686536485,0.967224622
05235673,06,NA,28925.359912980988,0.6845979794736974
05235883,06,S49E,10836.627318444987,0.7295414953838599
05236023,06,S49A,19579.672148937494,0.6556949179966941
05236213,06,S49E,14795.26041179721,1.1155497297231323
05236333,06,S49A,17845.68545542174,0.6114791813687324
05236483,06,NA,29821.828636874703,0.7025193869150813
05236553,06,NA,27735.437179505734,0.7510177666828977
05236663,06,NA,36430.69033083491,0.8807895140158453
05251782,06,S49B,15633.011307202063,0.6845979794736974
05251982,06,S49E,15076.041012317257,0.9943445243290446
05253082,06,S49E,10971.060433705288,0.7116200879424761
05253232,06,S49E,20608.535989699696,1.3592417862921577
05253312,06,S49B,17053.17473945548,0.6845979794736974
05253632,06,NA,28194.274137689965,0.6758681994330519
05253912,06,NA,26309.310241744006,0.627116395
05254012,06,S49C,13508.000251461413,0.844875585
05254032,06,NA,29450.284043330692,0.6758681994330519
05254082,06,S49E,11094.050833570147,0.7195976612770487
05254412,06,S49A,31965.393690626177,1.713549210527712
05254512,06,S49C,18850.55947188193,1.3678665858269583
05254622,06,NA,37449.81695992655,0.8926647638215663
05254972,06,NA,28558.442494529594,0.6845979794736974
05255452,06,S49B,20145.84152071982,0.8087527753980247
05256422,06,S49C,20477.316152905416,1.3023410210117987
05256822,06,S49A,25443.94906327219,0.7827208804425745
05256862,06,S49B,6790.407940989645,0.627116395
05257622,06,S49E,13968.591685019212,0.906050104
05257652,06,NA,35618.44962386527,0.8538392333249507
05257712,06,S49A,25707.597109903483,0.7908313679566409
05258212,06,NA,37598.618860696944,0.8628681065744614
05258232,06,S49C,11664.021163933612,0.7295414953838599
05258312,06,NA,31982.538020484455,0.8006598482662362
05258732,06,S49E,10780.14275524144,1.218479495278942
05258862,06,S49A,25264.114575271327,0.7727946067180411
05258922,06,S49C,12891.735171521028,1.7235272290848735
05259152,06,S49B,17852.501570302873,0.8997040771740841
05259192,06,NA,43270.11184694024,1.1520685977143903
05259422,06,NA,32990.03623,0.7908313679566409
05259562,06,S49A,28631.871322267136,0.8807895140158453
05259622,06,S49E,8069.262753585868,0.8249879166805756
05259864,06,S49E,14268.154891084077,2.006808164253422
05259872,06,S49E,20426.621874372453,1.3174487795057734
05260192,06,S49A,49046.08639095759,1.5002524996723374
05260242,06,NA,36742.69781681793,0.8807895140158453
05260792,06,S49C,12916.983099901629,0.8079096423186082
05261202,06,S49A,49433.525705893815,1.5121037368142998
05261382,06,S49A,22836.834870843788,0.7025193869150813
05261512,06,S49A,20385.70583103946,0.627116395
05261692,06,S49C,19363.570021230396,1.204272387438528
05261742,06,S49A,24112.61549064109,0.9311871207131686
05262042,06,S49B,17459.160464479184,0.9240321455884235
05262082,06,S49E,8330.753172625571,0.5403608284863561
05262212,06,NA,38379.526351310866,0.8807895140158453
05262402,06,S49B,13037.762879282347,0.8249879166805756
05262642,06,NA,33702.46736437878,0.8079096423186082
05262772,06,S49B,23109.438922855144,1.0763104788749251
05263332,06,S49A,32057.797929381995,0.9861797694193721
05263342,06,S49A,26144.62679543948,0.8178145509559425
05263592,06,NA,47371.37007608219,1.9423651867685077
05263992,06,NA,35248.49350070572,0.8349317507873868
05264342,06,S49A,25982.88038490519,0.8249879166805756
05264352,06,S49A,21286.375505339216,0.6758681994330519
05264442,06,S49B,18890.291389345097,0.7827208804425745
05264672,06,NA,28533.273303575872,0.6758681994330519
05264852,06,S49C,11302.82353128631,0.7690627467347937
05265102,06,S49A,24199.060194932863,0.7683494654981976
05265362,06,S49C,18987.513543247784,1.2896083279229211
05265632,06,S49B,21310.110665868768,0.8528531582287706
05265842,06,S49B,19012.87440171111,1.2617697655507847
05266302,06,S49C,12124.869450365162,0.7827384408248523
05266342,06,S49C,14453.523670376493,0.9330680737213934
05266372,06,NA,50785.256851565806,1.2611731527188867
05266672,06,S49C,12002.585266494583,1.2615078157095292
05266912,06,S49B,23632.578262885407,0.9458007668102708
05266942,06,S49E,9634.910484354454,0.6450378026532868
05266952,06,S49A,37222.77130088813,1.3554064043598695
05267162,06,S49A,39018.85613400008,2.144565675650571
05267332,06,S49A,21953.34658701465,0.7333497836948463
05267342,06,NA,35598.61892,0.8807895140158453
05268282,06,S49A,26442.058513923213,0.8395673783273273
05268432,06,S49C,10773.184663305246,0.7330252450026342
05269112,06,NA,50627.44870434921,1.3202624284531825
05269152,06,NA,33386.69814303459,0.7908313679566409
05269192,06,S49B,17553.743848671875,0.7025193869150813
05269232,06,NA,16315.155343290873,0.6572124068432299
05269372,06,NA,36619.56897635864,0.906050104
05269392,06,S49C,11983.89667311446,0.7736377397974576
05269472,06,S49E,11952.029569437336,1.2815726103902656
05269532,06,S49E,12229.990205751366,0.7908313679566409
05269792,06,S49B,29407.849456098553,1.284300834895055
05270162,06,S49B,13501.912894899477,0.5403608284863561
05270202,06,S49A,35298.56366751983,1.1249038552038595
05270382,06,NA,43730.44719849902,1.1383427489086582
05271322,06,NA,34143.29005982945,0.8087527753980247
05271692,06,S49C,10882.250581330441,0.7025193869150813
05272072,06,NA,31202.936985442357,0.7790065808416049
05272312,06,NA,28393.525967458634,0.7025193869150813
05272422,06,S49A,22971.52674058652,0.7320626197088536
05272782,06,NA,69766.76766268446,1.7417838313949336
05272802,06,S49C,9714.234060250215,0.627116395
05273222,06,S49A,37759.44917451533,1.263633642566604
05273252,06,NA,29622.817493287745,0.7016762538356648
05273312,06,S49A,29283.456141888088,0.8980549699529126
05273782,06,S49A,36476.36275297357,1.2184899750405451
05273882,06,S49B,16954.697718024643,0.7025193869150813
05274623,06,S49E,15072.717604111052,1.0789409099647767
05274842,06,NA,27471.966718111405,0.6450378026532868
05274912,06,S49B,19733.49664810767,1.1555363770678413
05275052,06,NA,29156.822793991785,0.6845979794736974
05275102,06,S49B,14613.23765821749,0.6845979794736974
05275202,06,NA,25795.571552042697,0.7330252450026342
05275352,06,S49C,9799.943327549612,0.627116395
05275852,06,S49B,24030.320432625875,0.9691557624530109
05276242,06,S49C,13846.337607924794,0.9923616394887336
05276262,06,S49E,14085.75886763117,0.967224622
05276442,06,S49A,38560.34971135409,1.3592417862921577
05276562,06,S49A,18548.351849356808,0.5711912252661212
05276672,06,NA,37415.861488359245,1.106203753865257
05276902,06,S49C,16182.403367177683,1.0404001624732864
05277262,06,S49A,25005.89731906844,0.7907160141594249
05277322,06,S49A,14790.450511499073,0.6450378026532868
05277362,06,S49C,13764.091302283043,0.8807895140158453
05277372,06,NA,28609.666412864364,0.7016762538356648
05277482,06,S49E,12455.53518,0.8087527753980247
05277502,06,S49A,32188.663244799423,1.0482692490522378
05277762,06,S49A,22320.967792958327,0.7025193869150813
05278172,06,S49C,18420.83571340493,1.1843136049860257
05278312,06,S49B,26997.666666101035,1.1473716221581687
05278592,06,S49E,13011.859611690827,0.844875585
05278672,06,S49E,17744.953522434953,1.2184899750405451
05279472,06,S49A,24746.63811293175,0.8059091970960194
05279662,06,S49E,17327.496373531423,1.1552902210770484
05280072,06,S49A,21303.839675363903,0.6937896068744357
05280172,06,NA,26708.699345646965,0.627116395
05280182,06,NA,35103.808327242965,0.8528531582287706
05280802,06,NA,28644.043742882157,0.7025193869150813
05280942,06,S49E,20694.457054241146,1.5381085262248195
05280952,06,S49B,28391.23963,1.306014736796963
05281032,06,S49E,13686.876639088996,1.0172724802971183
05281342,06,S49A,41342.460182380426,1.4573104198654285
05282152,06,NA,29419.52716137618,0.6758681994330519
05282272,06,S49E,6053.192989122012,0.5403608284863561
05282432,06,S49C,21399.97689327199,1.3758487495030123
05282632,06,NA,28164.828990058442,0.6758681994330519
05282662,06,NA,31921.61415243057,0.7333497836948463
05282864,06,S49E,11309.946701127603,0.852760116
05282982,06,S49C,17759.249100309564,1.1417788340909523
05283122,06,S49B,10785.855432074455,0.8951838034313595
05283242,06,S49A,24753.056236814256,0.7827208804425745
05283312,06,S49A,34672.43327927423,1.2221937948799118
05283662,06,NA,61055.10917604532,1.7145549099164916
05283802,06,S49C,11347.301910574957,0.7295414953838599
05283892,06,S49A,43905.666278836805,1.582236014600496
05284132,06,NA,53080.84178833418,1.2896083279229211
05284342,06,S49C,12903.493039030654,0.8079096423186082
05284392,06,NA,45928.65636733887,1.289772540630953
05284652,06,S49C,10730.667137087386,0.7690627467347937
05284662,06,S49B,25773.565860234186,1.035758912869475
05285122,06,S49E,22356.463657197746,1.6616366052630467
05285592,06,S49A,42560.68465972251,1.5002524996723374
05286192,06,S49B,16904.886255477948,0.9899011496410166
05286331,06,S49B,21045.652213839126,0.844875585
05286671,06,NA,20512.51563761862,0.5
05286991,06,S49E,13302.854014304474,0.8628681065744614
05287021,06,S49C,12156.942269596613,0.760371892
05287141,06,S49A,19228.93195467304,0.7798497139210214
05287231,06,S49A,22254.262731177743,0.6845979794736974
05287521,06,S49C,13190.033166089625,0.8249879166805756
05287701,06,NA,29270.87363060598,0.7016762538356648
05287971,06,NA,51864.12517561582,1.380884573955186
05289261,06,S49B,8736.820995210644,0.7195976612770487
05289691,06,S49A,26706.052636837052,0.8215464109391901
05290041,06,S49E,10419.87288840978,0.6758681994330519
05290091,06,S49B,13037.762879282347,0.8249879166805756
05290251,06,S49E,10419.87288840978,0.6758681994330519
05290371,06,S49A,13955.448517846602,0.8807895140158453
05290571,06,S49C,12873.85910098545,0.8006598482662362
05290611,06,S49E,14675.581693112737,0.9519078668982216
05290621,06,S49B,23706.55804179041,1.1041210011031812
05290921,06,NA,31719.39971763508,0.760371892
05291011,06,S49C,13079.986524308957,0.8181049051978044
05291121,06,NA,13629.982551521416,0.7195976612770487
05291231,06,S49A,17014.18093553238,0.8249879166805756
05291531,06,S49E,16189.55907916564,1.7672492175726882
05291571,06,S49A,7635.536163364694,0.5403608284863561
05291671,06,S49E,13585.176914134014,1.106203753865257
05292031,06,S49C,8639.371686882938,0.5403608284863561
05292071,06,NA,27325.972701057068,0.627116395
05292111,06,NA,36856.20948168069,0.8600687678307923
05292551,06,S49E,19801.51874213586,1.306014736796963
05292641,06,S49B,7791.793853,0.7195976612770487
05292831,06,S49B,24553.858379729132,1.0023054735955448
05292971,06,S49C,11007.693151652913,0.6845979794736974
05292981,06,S49A,20385.70583103946,0.627116395
05292991,06,NA,31789.04448896048,0.7295414953838599
05293821,06,S49E,19482.914458200397,1.466126055002605
05294001,06,S49A,8561.611603003961,0.5403608284863561
05294071,06,S49E,8909.615790175876,0.7618893810101606
05294551,06,S49A,31469.02973565806,0.9680677555247446
05294941,06,S49A,36581.75871067977,1.1189858149054266
05294961,06,S49E,20158.210804622555,1.3075297353643052
05295171,06,S49C,18836.21719177778,1.1714748996689142
05295191,06,NA,35948.02729132581,0.8249879166805756
05295531,06,S49B,31395.171639619624,1.2815726103902656
05295621,06,NA,28558.442494529594,0.6845979794736974
05296401,06,S49B,17130.22147126084,1.1652930295995527
05296411,06,NA,35948.02729132581,0.8249879166805756
05296881,06,S49A,25703.84729791564,0.7907160141594249
05343801,06,NA,30079.00273489981,0.7509466524440181
05343981,06,S49E,11434.885756882391,0.8068718223897999
05344261,06,S49A,25445.002494871314,0.8079096423186082
05344391,06,S49E,13156.32678921022,0.8807895140158453
05344701,06,S49A,52134.76599117664,1.661444352411134
05344791,06,NA,36469.97177248858,0.9105023680024396
05344961,06,S49A,33047.65256396012,1.049302988584898
05345251,06,S49B,16522.18005159482,0.6845979794736974
05345411,06,S49C,12825.88985807546,0.831046214
05345671,06,S49A,18305.06355602558,0.6114791813687324
05346091,06,S49A,49652.43155089324,1.6616366052630467
05346281,06,S49C,9991.842408403649,0.6450378026532868
05346721,06,NA,30563.317929920377,1.5006671094303647
05346791,06,NA,30959.985723305228,0.7333497836948463
05346861,06,S49A,21572.354356843967,1.0970386136556645
05347421,06,NA,32613.982834032842,0.8069429366286794
05347581,06,S49A,41180.46825506601,1.3075297353643052
05347631,06,S49A,23096.750055088323,0.7333497836948463
05347901,06,S49B,19309.69995508945,0.7727946067180411
05347981,06,S49C,11846.98908625913,0.7647994730011907
05348431,06,S49C,10469.415140954874,0.6758681994330519
05349461,06,S49C,12250.23148680846,0.7908313679566409
05349611,06,S49A,29950.534168034912,1.0023054735955448
05349771,06,NA,55161.96834475218,1.3771631937335416
05350071,06,NA,36389.11695989151,0.8619497208390172
05350251,06,S49A,25407.411077200555,1.0658064298467118
05350581,06,S49C,15795.300276488937,1.0747382707084503
05351071,06,S49A,25445.002494871314,0.8079096423186082
05351101,06,S49C,16184.01205332829,1.3803315442587634
05351681,06,S49B,29116.997667576023,1.1652930295995527
05351763,06,S49A,30467.877571023168,1.0482692490522378
05351831,06,S49B,16934.34943047012,0.7016762538356648
05351961,06,S49A,23277.996410538857,0.7790065808416049
05352581,06,S49B,35116.68836341715,1.5336174871003112
05352741,06,S49A,36790.25941795552,1.1724416053588427
05352751,06,S49B,18324.098230209147,0.7333497836948463
05352911,06,S49E,11636.559425966963,0.8211023800326138
05353001,06,S49C,9003.097286408669,0.6114791813687324
05353271,06,S49B,17698.76267575208,0.7333497836948463
05353424,06,S49A,35415.331905061335,1.2184899750405451
05353571,06,S49A,25170.36326649109,1.0558625957399008
05353591,06,S49E,12608.972328097028,0.8881111358461014
05354151,06,S49E,12505.023482813674,0.8807895140158453
05354451,06,S49A,41299.88579426386,1.5038678676657478
05354701,06,NA,25345.984728277068,0.627116395
05354711,06,S49A,24907.12460483744,0.7908313679566409
05354721,06,S49B,17532.676612119998,0.7016762538356648
05354791,06,NA,35598.61892,0.8807895140158453
05355031,06,S49B,19760.381733470473,0.7908313679566409
05355311,06,S49C,13351.877578592477,0.8619497208390172
05355342,06,S49E,10993.285744579476,0.7295414953838599
05355471,06,S49B,44276.288039664665,2.4544844226963596
05355511,06,S49A,40260.533476516524,1.2730856306527134
05355631,06,NA,33667.269645783716,0.8079096423186082
05356171,06,S49C,10648.249632970095,0.6845979794736974
05356261,06,NA,34301.07354,0.7908313679566409
05356321,06,NA,37512.56145790717,0.8807895140158453
05356411,06,S49A,21649.981122185105,0.6845979794736974
05356551,06,S49A,34532.63296860338,1.067224396026282
05356591,06,S49B,15927.712049304935,0.9519078668982216
05356811,06,NA,33217.07030190208,0.9439198138020459
05356831,06,NA,31914.12444333646,0.7827208804425745
05357111,06,S49B,21537.49261015294,1.2611731527188867
05357221,06,S49C,26425.50710392088,1.9362138471222203
05357634,06,S49E,17690.836907065746,1.1652930295995527
05357791,06,S49C,13392.983633199005,1.1520685977143903
05357951,06,NA,19008.476649660042,0.627116395
05357971,06,NA,42285.97841339646,1.161531065562103
05358131,06,S49B,9266.253000422628,0.7690627467347937
05358221,06,S49C,17041.986452252524,1.1284164751841246
05358331,06,NA,34366.15537291338,0.8349317507873868
05359071,06,NA,38501.43015958034,0.8845108942374897
05359081,06,S49E,10586.096075865704,0.7025193869150813
05359211,06,S49E,7266.512720854431,0.7016762538356648
05359311,06,NA,32550.96436246598,0.7908313679566409
05359531,06,S49A,20753.536259018245,0.6758681994330519
05360651,06,S49E,8284.947649,0.627116395
05360823,06,S49E,10701.341601473323,0.8068718223897999
05360831,06,S49E,6944.006501570059,0.9311871207131686
05360891,06,S49A,15321.568522232576,0.7016762538356648
05361491,06,S49C,15826.192920252679,1.0174986565321393
05362061,06,NA,22032.30187863012,0.5403608284863561
05362111,06,NA,29340.38159061798,0.7195976612770487
05362161,06,S49E,17882.65126816157,1.1652930295995527
05362361,06,NA,32948.99950385472,0.7736377397974576
05362621,06,S49E,11073.348293867151,0.760371892
05362631,06,S49C,23069.319328744292,1.4831742253103701
05362691,06,S49C,17533.700383079708,1.3579273420616285
05362701,06,S49C,11080.82995168122,0.6937896068744357
05362761,06,S49A,23575.961956650135,0.831046214
05362821,06,S49E,14175.190760343474,1.053566262318501
05362981,06,S49E,22719.065786272702,1.6885868859539412
05363031,06,NA,36301.144560371045,1.1690144098211972
05363041,06,S49A,23567.11663467262,0.9339759796952347
05363101,06,NA,37075.59062902044,1.053566262318501
05363581,06,S49E,12564.972089969076,0.8627969923355818
05363701,06,S49A,26493.280027304267,0.8158530312028306
05364081,06,S49A,40214.05120270803,1.2716158062426577
05364181,06,S49B,28893.564877854526,1.1652930295995527
05364351,06,S49E,20486.378259180277,1.365904915396201
05364571,06,S49E,10993.285744579476,0.7295414953838599
05365321,06,S49B,12348.312767468993,0.723081411
05365381,06,S49B,14887.727597837116,0.6114791813687324
05365891,06,S49A,19925.207931169927,0.627116395
05365961,06,S49B,22508.826529956223,1.0354200639735232
05365971,06,S49B,24301.49943183406,1.2079937676601724
05366221,06,S49A,28390.651793068388,1.0814315038666962
05201474,06,S49B,17514.986818229092,0.7885262261687753
05201744,06,S49A,28913.252507657435,1.2944714468617646
05201884,06,S49A,17535.833345032715,0.7850945014248903
05202004,06,S49B,25573.466172954195,1.0231938528784765
05202744,06,S49B,16183.402654650754,0.6263979401867792
05202904,06,NA,22489.344455228118,0.6241106571358817
05203074,06,S49A,38336.869030455906,1.2707115926581647
05203174,06,S49E,13270.316021066588,0.9694192486764809
05203194,06,S49A,44407.10780759846,1.6322528178968814
05203294,06,S49C,16117.482933610048,1.0177689102527765
05203314,06,S49A,17684.64463424268,0.6544651008204714
05203474,06,NA,39915.74044871061,0.9774258871807493
05203584,06,S49E,15961.336204806008,1.083767414690568
05204284,06,S49B,14230.702475454356,0.5901282698229267
05204414,06,S49B,18872.081788053652,0.7550716021818686
05204644,06,NA,58350.99706412714,1.700085472771482
05205004,06,S49A,19414.165041115855,0.718470387
05205144,06,S49A,18602.90053925488,0.6884474881334263
05205154,06,NA,20719.578970108003,0.5901282698229267
05205184,06,S49A,24269.478802824942,0.8981535801288274
05205504,06,S49A,19414.165041115855,0.718470387
05205644,06,S49A,31549.38670357605,1.275764205
05206274,06,S49A,30697.133279894013,1.0174853634798824
05206694,06,S49A,27949.624861093547,0.9264166119884115
05206744,06,NA,51367.47302837824,1.2525755170292447
05206914,06,S49A,35951.27517721522,1.191638839943832
05206994,06,NA,24946.36347503313,0.6544651008204714
05207064,06,S49A,26349.731500654012,0.9751386041298518
05207764,06,S49A,38733.749966379924,1.3323433863512133
05208474,06,NA,30835.32213,0.7550716021818686
05208664,06,S49C,16211.476213614478,0.8981535801288274
05209164,06,S49E,12223.484289598415,0.9694192486764809
05209424,06,S49B,82764.28814,1.5704889044525236
05209854,06,S49A,16865.243299242276,0.7550716021818686
05210734,06,S49B,57857.65666666864,0.9694192486764809
05210744,06,S49B,10925.198433075055,1.0550255029628106
05211014,06,S49A,17849.82917447169,0.8072038581483472
05211054,06,S49E,19482.993830589592,1.3284538341747196
05211144,06,S49E,13039.946891197209,0.8891327275301725
05211214,06,S49B,15893.712325900846,0.6359071015754305
05211534,06,S49E,9835.0936452732185,0.718470387
05211544,06,S49E,15143.850941436842,1.0987818632735213
05211714,06,S49E,11313.154293086453,0.7681579927200601
05212774,06,S49A,23877.889377656957,0.8247958965326277
05212794,06,S49C,32100.56086006009,1.6530162864370532
05213114,06,S49A,20875.57488639895,0.7210892148689138
05213244,06,NA,27275.52767268798,0.656752384
05213324,06,S49A,39400.98066949392,1.3079948738928633
05213984,06,S49A,30034.67006130981,1.061286330625507
05214224,06,S49E,10298.551414075615,0.8225086134817301
05214664,06,S49A,20329.01607737837,0.8225086134817301
05214684,06,S49C,16921.666663589123,0.8830821752938217
05215464,06,S49C,8030.012610094905,1.0359953650562492
05215474,06,S49A,30821.86484295963,1.0231938528784765
05215774,06,S49A,40175.267922278064,1.7184248259116495
05215804,06,S49C,14891.088457988635,0.9422629236724465
05216014,06,S49A,37134.05519737685,1.2944714468617646
05216484,06,S49A,28497.203926749018,1.0069593881594092
05216684,06,S49A,19489.11180560614,0.7885262261687753
05216894,06,NA,26325.398270250884,0.7550716021818686
05217004,06,S49A,22893.175469206875,0.9792144049006246
05217044,06,NA,53760.584106684844,1.2944714468617646
05217474,06,NA,36612.166357648595,1.0231938528784765
05217514,06,S49C,22328.814729358597,1.2317788410695638
05217634,06,NA,24082.30941011886,0.6907347711843239
05217764,06,NA,24634.192135866888,0.6884474881334263
05217844,06,NA,25347.850255247635,0.6263979401867792
05217854,06,S49A,37321.74078269122,1.3187777074615663
05218104,06,NA,24743.470537133773,0.611462464
05218204,06,NA,37300.59539993308,0.9217750574892004
05218214,06,S49A,26998.623252263355,0.9411562168168969
05218294,06,S49A,27342.340931196217,0.9531380140861491
05218434,06,S49E,10298.551414075615,0.8225086134817301
05218454,06,S49C,12003.069973723286,0.6263979401867792
05218474,06,S49C,15344.648419524648,0.7630945146047281
05218554,06,S49A,26323.674171053528,1.0621094907081625
05218594,06,NA,41034.32976981903,1.0140433759047611
05218604,06,S49A,24157.93129610141,0.9774258871807493
05219204,06,S49A,19376.91001135602,0.6754677506883786
05219524,06,S49E,24608.143457050915,1.7899802983241144
05219764,06,S49A,17969.26130955673,0.6263979401867792
05219814,06,NA,36368.630762588546,0.8876567413956171
05219954,06,S49A,23917.75991958465,0.8451430167210845
05220174,06,S49A,37482.25548126392,1.603236062414656
05220884,06,NA,41672.188424991815,1.0034016359894358
05222004,06,S49C,17879.081609321485,0.8891327275301725
05222984,06,S49E,13677.332371343597,0.9411562168168969
05223094,06,S49E,17870.476777376178,1.508857110759475
05223134,06,S49B,36675.18891082386,1.5143681534761795
05223654,06,NA,58246.21682175156,1.531964478195698
05224284,06,S49C,15109.780638802184,0.7885262261687753
05224314,06,S49C,23486.845845208463,1.304531184
05224354,06,S49A,22620.17943935188,0.7885262261687753
05225064,06,S49A,25347.476591575687,0.9792144049006246
05225214,06,NA,31455.124526062933,0.8551503402172176
05225624,06,S49B,21847.13724484756,0.9457307829186921
05225814,06,S49E,8204.849670902891,0.5471256331348573
05226024,06,S49A,22557.38882489065,0.7630945146047281
05226114,06,S49A,29272.296373425044,1.1308366010249966
05226374,06,S49E,8197.997094,0.5833953034987098
05226764,06,S49A,20789.63951021702,0.8031377169852701
05226894,06,S49E,10061.65069425533,0.9327245705789797
05226954,06,S49A,19160.038082300478,0.6907347711843239
05227384,06,S49A,33795.18104447868,1.128900339395234
05227954,06,S49A,36350.045606497304,1.299467705893808
05228104,06,S49C,21632.06132895677,1.081774196808753
05228554,06,S49A,20379.550635845375,0.6884474881334263
05228634,06,NA,60359.40890583589,1.6530162864370532
05228784,06,S49A,14703.41158485863,0.6241106571358817
05228914,06,S49A,21914.633011359845,1.208466173485626
05229354,06,S49A,24268.694745325913,0.8675748423300157
05229454,06,S49A,23301.666975172848,1.2437289450903046
05229694,06,S49E,7084.634936797412,0.656752384
05230184,06,NA,30338.59242508101,0.8247958965326277
05230454,06,S49A,18100.62563158045,0.611462464
05230954,06,S49A,16196.11479,0.5471256331348573
05231014,06,NA,34553.90036152742,0.8830821752938217
05231044,06,NA,40374.34258585755,1.105700785650982
05231054,06,S49A,42053.78126713732,1.4047721147829284
05231124,06,S49E,11689.690575301312,0.7795059767936607
05231184,06,NA,29840.60334943712,0.8172214444757167
05231394,06,S49E,14093.926145133006,0.9411562168168969
05231944,06,NA,32094.560331949622,0.8789488150474561
05232094,06,S49C,27749.117583691383,1.485072289331135
05232294,06,S49E,9035.181999162063,0.6839732163788319
05232324,06,NA,27773.913142210233,0.7550716021818686
05232854,06,S49A,20221.054177775826,0.6754677506883786
05233354,06,NA,28504.78465953307,0.7550716021818686
05233444,06,S49A,24348.05301173707,0.8225086134817301
05233484,06,S49E,22950.604263668865,1.513335321190719
05233654,06,NA,33122.50245,0.8247958965326277
05234024,06,NA,34790.65089840414,0.8891327275301725
05234324,06,S49C,28284.94489538103,1.432460745013201
05234394,06,S49A,8072.941914509772,0.6957216631497068
05234534,06,S49C,13386.895258349668,0.9411562168168969
05234674,06,NA,55618.60850098703,1.3849798978938876
05235394,06,S49A,38470.71152188735,1.375278803955994
05235584,06,S49A,18558.985118879868,0.6690663288057298
05235674,06,NA,35199.99068963546,0.8225086134817301
05235884,06,S49E,10774.383732750679,0.718470387
05236024,06,S49A,14516.813185838668,0.8005188894928044
05236184,06,S49A,21167.198424298767,0.7630945146047281
05236214,06,S49E,13994.311458089724,1.0671729688234945
05236484,06,NA,33793.371793604965,0.7885262261687753
05251783,06,S49B,19127.77413,0.8225086134817301
05251983,06,S49E,18562.853692928144,1.2424479575750405
05253083,06,S49E,10449.181029936582,0.7524527746894029
05253313,06,S49B,18454.941837712977,0.8225086134817301
05253433,06,S49B,21117.083708137514,0.9411562168168969
05253633,06,NA,19455.681708077445,0.6263979401867792
05253833,06,S49C,13225.166744954191,0.8225086134817301
05253913,06,NA,26183.211010163963,0.6241106571358817
05254013,06,S49C,13625.16014600272,0.8830821752938217
05254033,06,NA,24495.80243229539,0.6241106571358817
05254083,06,S49E,9088.443217013382,0.6544651008204714
05254413,06,S49A,24712.387199406498,1.47929163
05254623,06,NA,25370.116443524952,0.6047294978081851
05254973,06,NA,30905.939994434328,0.8225086134817301
05255453,06,S49B,18346.617089467927,0.9892114655655215
05256423,06,S49C,23378.279187114393,1.508857110759475
05256823,06,S49A,27557.632882859383,0.9411562168168969
05256863,06,S49B,14513.948531291566,0.6241106571358817
05257623,06,S49E,11546.380898590684,0.7760742520497758
05257653,06,NA,33748.31606412652,0.8981535801288274
05257713,06,S49A,15372.668143522158,0.8247958965326277
05258213,06,NA,39382.644655093296,1.0034016359894358
05258233,06,S49C,10346.888517317308,0.718470387
05258313,06,NA,27478.083891768667,0.6754677506883786
05258733,06,S49E,19191.182519780425,1.372598478311286
05259193,06,NA,55386.743217397896,1.401588545268847
05259423,06,NA,41190.68597143309,1.0231938528784765
05259563,06,S49A,28385.191838775525,0.9694192486764809
05259623,06,S49E,12797.388533847045,0.8891327275301725
05259763,06,S49B,17692.46595467939,0.7885262261687753
05260193,06,S49A,41051.50192875852,1.2557091282063717
05260243,06,NA,36426.13905551571,0.9694192486764809
05261383,06,S49A,21267.189003445295,0.7885262261687753
05261513,06,S49A,18274.343897764255,0.6241106571358817
05261643,06,S49B,19127.77413,0.8225086134817301
05261693,06,S49C,23806.563547286016,1.480594078899891
05261743,06,S49A,26624.038471406573,0.8451430167210845
05262013,06,S49B,21661.95037868918,0.9314800901037436
05262043,06,S49B,14045.46318466619,0.9270149298508576
05262213,06,NA,38048.86540252295,0.9694192486764809
05262403,06,S49B,17559.498858423576,0.7550716021818686
05262643,06,NA,35793.79104,0.8891327275301725
05262773,06,S49B,34980.443075748684,1.5484524105923332
05263333,06,S49A,33567.11557,1.070025750037878
05263343,06,S49A,25372.82538284576,0.8054250000361678
05263593,06,NA,59551.39238242187,1.5211203412150112
05263993,06,NA,34129.09741,0.8190768887378452
05264343,06,S49A,23471.367361989895,0.7550716021818686
05264353,06,S49A,19471.552269259362,0.6263979401867792
05264443,06,S49B,22418.368335662628,0.9411562168168969
05264673,06,NA,22487.773238289756,0.6263979401867792
05264853,06,S49C,12113.548129697132,0.8031377169852701
05264863,06,NA,51222.00044020582,1.299467705893808
05265103,06,S49A,20415.118808818133,0.656752384
05265363,06,S49C,20840.503953252977,1.298974624517749
05265633,06,S49B,19637.459700382835,0.7850945014248903
05265843,06,S49B,32346.83238501907,1.3765090829233442
05265983,06,NA,38670.80387041953,0.9694192486764809
05266343,06,S49C,14328.40813255407,0.9371885795023377
05266373,06,NA,51855.81736548099,1.5762082599058944
05266673,06,S49C,12268.907239940661,0.8540960470129103
05266913,06,S49B,28691.529218637963,1.147071065744064
05266943,06,S49E,8700.004635681435,0.5901282698229267
05266953,06,S49A,50083.08105104452,1.7147964240257645
05267163,06,S49A,43106.892573491765,1.465904067122382
05267333,06,S49A,26905.021226971283,0.8247958965326277
05267343,06,NA,38670.80387041953,0.9694192486764809
05267703,06,NA,32901.08549557821,1.0120228662747413
05268433,06,S49C,14769.273777331517,0.9792144049006246
05269113,06,NA,43612.351512762696,1.0932964615420684
05269153,06,NA,36732.80173220599,1.0231938528784765
05269193,06,S49B,19723.296954673293,0.7885262261687753
05269373,06,NA,30958.13831928043,0.7760742520497758
05269393,06,S49C,11398.09692111128,0.745523589
05269473,06,S49E,10712.14527453111,1.029889687588796
05269533,06,S49E,15839.88676398391,1.0231938528784765
05269793,06,S49B,25065.514165605273,1.0666549202226951
05270163,06,S49B,15905.855992763509,0.6359071015754305
05270203,06,S49A,19400.493460834896,0.7223791609675563
05270543,06,S49E,10990.930304759346,0.745523589
05271273,06,S49A,17795.531676912116,1.4152863439098033
05271323,06,NA,41218.22375119679,0.9892114655655215
05271413,06,S49C,10886.618743837635,0.7120689654937993
05271693,06,S49C,12055.551933601713,0.7885262261687753
05272073,06,NA,33014.18224486838,0.8031377169852701
05272423,06,S49A,22622.478296146674,0.6935109662487584
05273253,06,NA,28686.063187318978,0.6884474881334263
05273313,06,S49A,36094.028707381716,1.1057680047342706
05273783,06,S49A,43775.58963452848,1.3419772612058183
05273883,06,S49B,18782.717539038254,0.7885262261687753
05273953,06,S49E,9661.748953452792,0.6241106571358817
05273983,06,S49A,17528.015478435416,0.6544651008204714
05274624,06,S49E,12415.164016915047,0.8659690776024084
05274843,06,NA,25374.087402325997,0.5901282698229267
05275053,06,NA,35365.87978,0.8225086134817301
05275103,06,S49B,16430.10495896704,0.8225086134817301
05275353,06,S49C,9846.376432,0.6241106571358817
05275853,06,S49B,19491.91733339035,1.2944714468617646
05275893,06,NA,26835.247814243474,0.6241106571358817
05276263,06,S49E,7321.808597534055,0.6690663288057298
05276303,06,NA,45105.04084,1.1101083864282753
05276443,06,S49A,45004.84169500012,1.6044712917654786
05276563,06,S49A,18992.926109693755,0.672176772
05277323,06,S49A,15065.143964236024,0.5901282698229267
05277373,06,NA,28659.040845887994,0.6884474881334263
05278173,06,S49C,19118.294086851532,1.198281657779369
05278313,06,S49B,29987.749828276443,1.3849798978938876
05278673,06,S49E,19130.369888550915,1.3419772612058183
05279473,06,S49A,17420.464607899678,0.6165259422477342
05279663,06,S49E,11269.472561655026,0.7325061171982205
05279943,06,S49C,18177.44428436273,1.317603781522728
05280073,06,S49A,16739.205059859272,0.5924155528738243
05280173,06,NA,26835.247814243474,0.6241106571358817
05280183,06,NA,29735.838597905145,0.7850945014248903
05280803,06,NA,32458.73456192403,0.7885262261687753
05280953,06,S49B,19296.191077547202,1.0599027324838635
05281033,06,S49E,11718.686954044138,0.8809045536567857
05281343,06,S49A,45797.60955640679,1.6327343236250624
05282153,06,NA,23725.128648396596,0.6263979401867792
05282613,06,S49B,14573.735612205575,0.5929044648873611
05282633,06,NA,24161.67443667678,0.6263979401867792
05282983,06,S49C,19442.35870997738,1.21859313
05283123,06,S49B,16860.083462820803,1.083767414690568
05283663,06,NA,84664.61100809078,2.176560734931914
05283763,06,S49A,46131.716064435335,1.422099835060619
05283893,06,S49A,40314.74437698826,1.3300075024081013
05284133,06,NA,52336.65284120979,1.298974624517749
05284343,06,S49C,12356.50576588321,0.8891327275301725
05284393,06,NA,54034.35279246796,1.3891170020766448
05284403,06,S49E,27538.297093949288,0.6359071015754305
05284653,06,S49C,11079.955376492828,0.8031377169852701
05284663,06,S49B,25181.719007974752,1.0932964615420684
05285593,06,S49A,38434.04624564364,1.370215325840662
05286193,06,S49B,14669.461952020658,0.9429541016034326
05286332,06,S49B,16378.26803734819,0.8830821752938217
05286342,06,S49A,42647.58709922796,1.304531184
05286672,06,NA,21187.75019655593,0.689036694
05286992,06,S49E,13934.06429329206,1.0034016359894358
05287022,06,S49C,11644.957222574889,0.7547400577403005
05287522,06,S49C,10358.705179020051,0.8789488150474561
05287702,06,NA,25868.56405977726,0.6884474881334263
05289262,06,S49B,15219.853531145149,0.6544651008204714
05289692,06,S49A,12072.527508158235,0.6477321344962546
05290042,06,S49E,9319.506725530808,0.6263979401867792
05290092,06,S49B,17559.498858423576,0.7550716021818686
05290252,06,S49E,9319.506725530808,0.6263979401867792
05290372,06,S49A,29420.062275977416,0.9694192486764809
05290622,06,S49B,29247.425777267286,1.4857281115516208
05290922,06,NA,30383.549139768253,0.7547400577403005
05291012,06,S49C,8337.770632241156,0.5403926668106404
05291122,06,NA,26623.694360319303,0.6544651008204714
05291532,06,S49E,14898.908386603365,1.8804887493562374
05291672,06,S49E,16504.775357756567,1.452331047040307
05291882,06,S49B,21886.972661983385,0.9411562168168969
05292032,06,S49C,9157.872061223714,0.6359071015754305
05292072,06,NA,24495.80243229539,0.6241106571358817
05292112,06,NA,37504.01784982526,0.8881456534091539
05292152,06,NA,63720.420240068706,1.5762082599058944
05292272,06,S49C,12391.531033744697,0.8031274541540337
05292552,06,S49E,15835.527944553292,1.0599027324838635
05292642,06,S49B,15219.853531145149,0.6544651008204714
05292792,06,S49A,26814.968728576016,0.8512038317886714
05292832,06,S49B,19363.601461825496,0.80214038
05292982,06,S49A,16832.768351743172,0.6241106571358817
05292992,06,NA,28199.340071189385,0.718470387
05293672,06,NA,35550.214133096466,0.8830821752938217
05294002,06,S49A,11852.130792264945,0.6359071015754305
05294552,06,S49A,24128.373871604603,0.7691450668410789
05294562,06,S49A,35807.205539438815,1.1366498640863205
05294942,06,S49A,32889.159036667086,1.0060342565065052
05295472,06,S49C,22502.462590862833,1.452331047040307
05295532,06,S49B,26691.524179959288,1.105700785650982
05295622,06,NA,30905.939994434328,0.8225086134817301
05296322,06,S49E,12632.849945794711,0.8490997879808668
05296412,06,NA,31751.02931359767,0.7550716021818686
05296882,06,S49A,15339.146134717415,0.6401474196081071
05297592,06,S49C,11069.589638907379,0.6884474881334263
05343982,06,S49E,9331.6513426612255,0.8971659027842683
05344402,06,S49B,25888.343054513996,1.1016701398211106
05344702,06,S49A,42182.33894733059,1.570663276062381
05344792,06,NA,56792.06203858264,1.381583427093453
05344832,06,S49A,32868.75810096119,1.0069593881594092
05344892,06,S49C,5492.103053832686,0.8880784343258652
05345252,06,S49B,19592.178988789463,0.8225086134817301
05345412,06,S49C,8644.7161075715685,0.6855947069190427
05345672,06,S49A,19340.67237776256,0.5929044648873611
05346092,06,S49A,42886.08433104045,1.398478357700246
05346252,06,S49E,9958.127516930386,0.6754677506883786
05346282,06,S49C,7773.442259529151,0.5901282698229267
05346792,06,NA,34367.395643675954,0.8247958965326277
05346862,06,S49A,21387.246797362113,0.6974197398398667
05347152,06,S49E,15588.56382835398,1.0069593881594092
05347262,06,S49A,20321.182369490358,0.80214038
05347422,06,NA,41943.77532991464,1.0514677507928372
05347902,06,S49B,16144.422405294838,0.6454448514453568
05348592,06,S49A,19400.452176773648,0.6241106571358817
05348842,06,S49A,48142.259841080486,1.4748747234465203
05349082,06,S49A,40166.98357966528,1.375278803955994
05349462,06,S49C,15643.318157534939,1.0231938528784765
05349552,06,S49A,13454.342510047793,1.0700296887145275
05349612,06,S49A,20321.182369490358,0.80214038
05350072,06,NA,40842.37018502072,0.98019121619040706
05350252,06,S49A,14106.852014361086,1.1219240522824387
05351072,06,S49A,23812.930882020348,0.8891327275301725
05351682,06,S49B,33792.31305,1.3509975105809326
05351764,06,S49A,17540.812467717136,0.611462464
05351832,06,S49B,16398.83910126639,0.6884474881334263
05351962,06,S49A,21967.939221142347,0.8671430035412467
05352582,06,S49B,25578.522686381846,1.317603781522728
05352742,06,S49A,23009.794853126383,0.8567718307574284
05353272,06,S49B,19646.66214,0.8247958965326277
05353572,06,S49A,13532.043379403713,0.7193431405100799
05353592,06,S49E,15358.255045383248,1.041762718178294
05354042,06,S49C,18739.567093454265,1.2424479575750405
05354152,06,S49E,14997.583775280025,0.9694192486764809
05354452,06,S49A,33860.33287322152,1.1593451622543767
05354702,06,NA,24896.205484356673,0.6241106571358817
05354722,06,S49B,17220.041382933236,0.6884474881334263
05354792,06,NA,38670.80387041953,0.9694192486764809
05355032,06,S49B,25593.00570200568,1.0231938528784765
05355472,06,S49B,36077.68519938643,2.1157083058467583
05355512,06,S49A,30996.374021471252,0.9555234910802375
05355632,06,NA,34295.98680859757,0.8891327275301725
05355672,06,S49C,16127.503313343404,1.081774196808753
05356172,06,S49C,12958.120108758001,0.8225086134817301
05356262,06,NA,41225.24062950162,1.0231938528784765
05356322,06,NA,41682.68155,0.9694192486764809
05356412,06,S49A,26346.401089712865,0.8225086134817301
05356552,06,S49A,25992.18134824879,1.3227344787213486
05356592,06,S49B,18505.72981390224,0.9264166119884115
05356812,06,NA,33599.002420751654,1.0550255029628106
05357112,06,S49B,32471.346312704718,1.5762082599058944
05357222,06,S49C,23763.156162577314,1.489408732
05357952,06,NA,25690.76523385741,0.6241106571358817
05357972,06,NA,34379.38890673116,0.9551015674641166
05358132,06,S49B,16545.37893779389,0.8031377169852701
05358222,06,S49C,10182.958583734344,0.6454448514453568
05359072,06,NA,33938.81073070277,0.8423476002420355
05359082,06,S49E,11995.90692075156,0.7885262261687753
05359212,06,S49E,8335.285818388502,0.6884474881334263
05359312,06,NA,41225.24062950162,1.0231938528784765
05359422,06,S49B,23828.560357153026,0.9694192486764809
05359532,06,S49A,17699.40630186864,0.6263979401867792
05360192,06,S49C,11462.400309448038,0.8247958965326277
05360824,06,S49E,10925.60390745908,0.8331606162282919
05361902,06,NA,38741.56471800807,0.9411562168168969
05362112,06,NA,26940.269432494028,0.6544651008204714
05362622,06,S49E,9494.375251227653,0.7547400577403005
05362632,06,S49C,22173.448327545593,1.3897702535546756
05362692,06,S49C,15737.129720239856,1.1407160052493974
05362762,06,S49A,16288.496692803534,0.6855947069190427
05362822,06,S49E,15760.295060833316,1.184715978889722
05362902,06,S49B,18495.471780731415,0.7524527746894029
05362982,06,S49E,19552.027600127607,1.4697440262478993
05363032,06,NA,44955.81684902608,1.1956628302869032
05363042,06,S49A,27797.76003773678,0.9910202164068342
05363102,06,NA,44544.22535849935,1.184715978889722
05363702,06,S49A,19228.98839,0.6805312288037106
05363872,06,S49A,24637.07260327577,0.7691450668410789
05364012,06,S49A,29330.251941989685,1.2345316982453247
05364082,06,S49A,38234.576796083726,1.1786551638221348
05364182,06,S49B,21717.67916015996,1.3509975105809326
05364352,06,S49E,6218.142003561891,1.042728331380466
05365322,06,S49B,17863.94697126372,0.8671430035412467
05365392,06,S49A,30522.657658965385,1.0881657643434477
05365552,06,NA,39467.04670115468,1.0231938528784765
05365892,06,S49A,20019.615544117485,0.6241106571358817
05365962,06,S49B,16619.701671969604,0.7732214708353922
05365972,06,S49B,27463.258546732253,1.2777113324032596
05366222,06,S49A,34072.9879,1.2147388781327435
05411711,06,S49B,32476.287303214514,1.3509975105809326
05411721,06,S49B,36423.68403693308,1.508857110759475
05411901,06,NA,39830.71191387466,0.9852649571369754
05411961,06,S49B,15869.505610411721,0.7024832179551987
05412211,06,NA,26279.169017092503,0.6263979401867792
05412231,06,S49A,14756.42009403269,0.5471256331348573
05412551,06,S49A,28385.191838775525,0.9694192486764809
05412581,06,S49E,10764.688535836065,0.723533865
05413171,06,NA,35704.94795519599,0.8490997879808668
05413261,06,S49C,10657.413476461099,0.6907347711843239
05414271,06,S49E,12917.26890050337,1.1366498640863205
05414601,06,S49E,15414.183967427205,1.0360433627249233
05415191,06,S49C,11069.589638907379,0.6884474881334263
05415751,06,S49B,17133.622486668028,1.1308366010249966
05415981,06,S49C,8988.426330214343,0.7550716021818686
05416441,06,S49C,11650.07265377514,0.7550716021818686
05416581,06,NA,20558.36462976857,0.5471256331348573
05416821,06,S49A,39747.33109,1.2158163314283152
05417101,06,S49A,29333.411514556075,0.9311482900972232
05417131,06,S49C,11845.171461144162,0.8225086134817301
05417234,06,S49E,14159.103792357171,0.9264166119884115
05417451,06,NA,22174.198053637574,0.5901282698229267
05417681,06,NA,25809.92515,1.1525929745155452
05417771,06,S49A,20158.165879489352,0.6884474881334263
05418271,06,S49E,20222.367217589537,1.3535224304654456
05418471,06,S49C,22906.007216503236,1.4245860637815224
05418511,06,S49A,39703.58446046372,1.4816269111853515
05418621,06,S49C,22020.086724279172,1.369488290742685
05418891,06,S49E,20058.247254952563,1.342537561665166
05419291,06,NA,37230.85629516629,0.9209541147832705
05419321,06,NA,23162.02317972504,0.5901282698229267
05419661,06,NA,23451.09364591108,0.6241106571358817
05419721,06,NA,23162.02317972504,0.5901282698229267
05420041,06,S49A,27557.632882859383,0.9411562168168969
05420261,06,NA,40801.092139149885,0.966224813
05420341,06,S49A,44345.20075369647,1.5042194949369134
05420801,06,S49C,14767.130739099406,0.9184074925901556
05421031,06,S49A,30451.842593605474,0.9314800901037436
05421401,06,S49E,8806.180407,0.6884474881334263
05421501,06,S49E,15079.902673312903,1.313714229346234
05421651,06,S49B,21548.841413437865,0.9603989993013664
05422071,06,NA,32282.750285296028,0.8225086134817301
05422641,06,S49A,23412.543167826712,0.7431985715923706
05423061,06,S49A,19650.34210685834,0.6263979401867792
05423151,06,S49A,43326.708858056365,1.3753460230392827
05423461,06,NA,31353.019964872594,0.7524527746894029
05423541,06,S49C,27351.869567030935,1.8134503486629026
05423641,06,S49E,11300.714545305173,0.7665365021798495
05424201,06,S49C,14328.574260557587,0.9371994455571144
05424511,06,S49B,32990.26126978685,1.3849798978938876
05424581,06,S49C,12340.018429595972,0.7691450668410789
05425051,06,S49E,11533.763647616363,0.745523589
05425891,06,NA,38670.80387041953,0.9694192486764809
05425921,06,S49E,9162.345449,0.762579731
05426001,06,S49E,19876.763236258023,1.4252192737536336
05426191,06,S49A,21054.551195005475,0.6454448514453568
05426551,06,S49A,26036.643433952973,0.8490325688975782
05427174,06,S49C,10656.072317817961,0.6454448514453568
05427511,06,S49C,10386.831817236327,0.7885262261687753
05427671,06,S49C,9011.856872395756,0.9740164886187153
05427851,06,S49B,30941.613167693136,1.298974624517749
05427951,06,S49A,44098.710327785026,1.3509975105809326
05428211,06,S49E,14332.303353865078,0.9264166119884115
05428281,06,NA,27462.64614101488,0.6884474881334263
05428321,06,S49A,17166.602509372464,0.6409705796907625
05428431,06,S49E,12733.113342403343,0.8225086134817301
05428701,06,NA,42634.19363491063,1.0231938528784765
05428753,06,S49A,30134.354474093205,0.9694192486764809
05428801,06,S49B,23499.235942708227,0.9394861253844717
05428921,06,S49A,35213.697117370306,1.1328212068385286
05429301,06,NA,34272.08968751185,0.8225086134817301
05430061,06,S49B,24247.948997361633,0.9694192486764809
05430191,06,S49A,21219.72295052466,0.6505083295606889
05430451,06,NA,38993.04570944869,0.990843822
05430471,06,NA,40968.66185,1.0270231133498087
05430521,06,S49A,47474.633838761605,0.6544651008204714
05430621,06,S49E,14997.583775280025,0.9694192486764809
05430701,06,S49E,15515.979987536432,1.0668313144690202
05430712,06,S49A,27919.064318899564,0.8981535801288274
05431001,06,S49A,21754.942037720222,0.8485850042962058
05431081,06,S49C,15747.174702706832,1.0440500012291918
05431211,06,S49E,21039.500577062336,1.446611691586936
05431751,06,S49C,9709.616731535163,0.635083941
05432491,06,S49A,10739.235438219073,0.8540960470129103
05432531,06,NA,36619.962067643464,1.1130995444858858
05432632,06,S49E,8815.581530560003,0.5979679430026931
05432751,06,S49A,49497.006037514206,1.6947297804343218
05433121,06,NA,39917.859385943906,1.418348659727352
05433211,06,NA,28738.739553507985,0.8005188894928044
05433561,06,NA,42634.19363491063,1.0231938528784765
05433591,06,S49C,16629.487611751352,1.1576564526308772
05433701,06,S49B,23901.05602266239,1.0034016359894358
05433931,06,S49E,13591.371850039503,1.070025750037878
05434131,06,NA,48420.83697882145,1.2284040725777312
05434151,06,NA,31454.85617341092,0.7885262261687753
05434201,06,S49B,18028.211484185136,0.7207576704273456
05434531,06,S49A,24646.73961318897,0.7550716021818686
05434633,06,S49C,17103.89862215722,1.5856651372906339
05434724,06,S49E,19633.34211143837,1.3509975105809326
05435131,06,S49C,29764.897662664716,1.9965209516021905
05435581,06,NA,29601.575842233415,0.6884474881334263
05435651,06,S49C,18974.046717309895,1.3753460230392827
05435841,06,S49B,15340.791389699167,0.6241106571358817
05435991,06,S49A,20019.615544117485,0.6241106571358817
05436091,06,S49C,9260.329132274255,0.6263979401867792
05436271,06,S49A,23305.309216840717,0.8247958965326277
05436701,06,S49B,12419.62769523366,0.8247958965326277
05436831,06,S49A,27466.61127823898,0.9792144049006246
05436901,06,S49E,7036.893879810134,0.7550716021818686
05437091,06,S49C,10297.916526273468,0.6454448514453568
05437381,06,S49A,25856.50065785918,0.797076902
05437501,06,S49A,18828.066377989042,0.6263979401867792
05437581,06,NA,53088.90010588377,1.4748747234465203
05438041,06,NA,42540.42436,1.0558361828375042
05438161,06,S49A,37626.84259657265,1.1599205755905106
05438181,06,S49B,14427.721548379583,0.6263979401867792
05438291,06,NA,33231.63954623711,0.8247958965326277
05438391,06,NA,73125.11504855225,1.756611536
05438491,06,S49C,17530.519064905166,1.2707109894346245
05438691,06,S49E,11740.069457959657,0.7630945146047281
05438841,06,NA,22713.28792892703,0.6263979401867792
05440311,06,S49A,40019.581968456994,1.42674139
05440321,06,S49C,22403.634956664067,1.404197713153617
05440381,06,S49E,18937.58855853547,1.3284538341747196
05440391,06,S49C,10024.466064271981,0.6780865781808444
05440451,06,S49C,9358.850770082649,1.513335321190719
05440651,06,S49A,31279.54912113717,0.9751386041298518
05441251,06,NA,29124.926916040473,0.7550716021818686
05441281,06,S49A,14400.845315750068,0.6241106571358817
05441351,06,NA,29601.575842233415,0.6884474881334263
05441541,06,S49E,17281.229279182826,1.299046013
05441591,06,S49C,11161.26840315487,0.8031274541540337
05441691,06,S49B,11446.716379108335,0.7120689654937993
05441871,06,S49A,25270.82909784404,0.9694192486764809
05442271,06,NA,31093.105012544605,0.8060971512927975
05442341,06,NA,33231.63954623711,0.8247958965326277
05442441,06,S49A,11641.166637392338,0.5924155528738243
05442671,06,S49A,23770.016293091106,0.7908135092196729
05442991,06,S49A,26104.56862364726,1.3284538341747196
05443031,06,NA,37101.17019,1.0231938528784765
05443341,06,S49A,44212.073833593444,1.5762082599058944
05443521,06,NA,36083.69646,0.8880784343258652
05444061,06,S49A,16207.51924353803,0.8247958965326277
05444341,06,NA,26146.808456742194,0.7210892148689138
05444421,06,S49C,9750.114617659094,0.6595285789358035
05444751,06,S49A,23583.7454,0.8891327275301725
05444901,06,S49A,20129.96449123309,0.7885262261687753
05444981,06,NA,29601.575842233415,0.6884474881334263
05445051,06,NA,28074.626069913294,0.8247958965326277
05445091,06,S49E,10118.574306827064,0.7550716021818686
05445261,06,S49A,15932.66647298096,0.6241106571358817
05445301,06,NA,40996.64837,1.138937147137218
05445531,06,S49B,16665.675146952555,1.0712708337366545
05445571,06,S49E,15983.704812499696,1.514480889334155
05445593,06,S49C,22998.480693090252,1.4414809943883156
05445781,06,S49B,18234.68072667473,0.9321359674417823
05446361,06,S49B,13759.394353694544,0.6401474196081071
05446371,06,S49E,14045.941659592003,1.0558464456687406
05446421,06,S49C,11695.980355053476,0.7330716153617064
05251784,06,S49B,14751.00102943777,0.6581927586789109
05251984,06,S49E,15154.214362929488,1.0604364647335343
05253084,06,S49E,11869.290660998367,0.7772784043699479
05253314,06,S49B,16239.418889114917,0.6581927586789109
05253634,06,NA,28867.251126820454,0.6986485622099488
05253754,06,S49E,10152.824291361654,0.6648730147766257
05253834,06,S49C,10583.12197729142,0.6581927586789109
05253914,06,NA,27893.30745,0.6648730147766257
05254014,06,S49C,14623.921059564549,0.9234593413965931
05254034,06,NA,30153.241083037698,0.6986485622099488
05254084,06,S49E,11012.759025106052,0.7211871380715825
05254414,06,S49A,48291.528564328946,1.6026732550056473
05254624,06,NA,31465.574732831275,0.7500226200691091
05254974,06,NA,27195.669872328683,0.6581927586789109
05255454,06,S49B,16643.76770360782,0.674581243
05256424,06,S49C,21109.864118051526,1.4244223295073861
05256444,06,S49A,40813.95759040242,1.2676032839436924
05256824,06,S49A,29681.094209779243,0.9218378886198897
05256864,06,S49B,14900.71471630981,0.6648730147766257
05257624,06,S49E,13289.01884,0.8702514458927687
05257654,06,NA,37765.88997,0.9140144523895524
05258234,06,S49C,12139.443528856113,0.7665715973450697
05258314,06,NA,29745.679266816154,0.7587481611147324
05258734,06,S49E,18873.77299202245,1.352434653076522
05258924,06,S49C,23315.195693159123,1.573230655415308
05259194,06,NA,52875.35955919732,1.3091140798175045
05259424,06,NA,28315.21211666571,0.6852880500145191
05259564,06,S49A,31108.038911047784,0.9661560556422272
05259624,06,S49E,11341.525773213665,0.758989236
05259764,06,S49B,16643.76770360782,0.674581243
05259874,06,S49E,14904.749700114879,0.961306496
05260194,06,S49A,45558.902474675124,1.3935843275063218
05260794,06,S49C,12019.36910601346,0.758989236
05261204,06,S49A,44152.50015053956,1.350564409759768
05261384,06,S49A,20847.582604056202,0.6474859516540327
05261514,06,S49A,21407.406695627968,0.6648730147766257
05261644,06,S49B,14751.00102943777,0.6581927586789109
05261694,06,S49C,22190.779981023923,1.3801041624850487
05261744,06,S49A,28161.622642243467,0.9346127730490539
05262044,06,S49B,12624.27985316987,0.9612847984792321
05262404,06,S49B,20104.286172140015,0.8326904228496188
05262774,06,S49B,25752.60953735058,1.1153296539455977
05263334,06,S49A,34698.19238711237,1.0776593404202635
05263344,06,S49A,26915.775670941643,0.8932662743960771
05263594,06,NA,70219.89131470365,1.6669602153841119
05263994,06,NA,36988.47892098493,0.878074882
05264344,06,S49A,26167.88428250869,0.8326904228496188
05264354,06,S49A,21955.524200081632,0.6986485622099488
05264444,06,S49B,22198.908766679513,0.9218378886198897
05264674,06,NA,29430.23214,0.6986485622099488
05264854,06,S49C,13284.552773242061,0.8594907269627541
05265364,06,S49C,21015.034338692112,1.3069813855302335
05265634,06,S49B,21422.911620964507,0.8673680750982278
05265844,06,S49B,23761.712000137504,0.9867352783159844
05265984,06,NA,38963.111264906955,0.9661560556422272
05266014,06,S49C,17679.273913449255,1.1152203634634132
05266344,06,S49C,10350.179802155684,0.6696411775538444
05266374,06,NA,60310.558403950876,1.4375800669791892
05266914,06,S49B,19439.948520229147,0.7870821215309971
05266944,06,S49E,9749.805620040026,0.6541662077517475
05266954,06,S49A,49785.02450367498,1.5842134067083795
05267114,06,S49B,17803.568811977624,0.739315813
05267164,06,S49A,52223.48878977518,1.6618079816298876
05267334,06,S49A,22621.750224577205,0.6919683061122339
05267704,06,NA,42111.686180747696,1.0442302807958692
05268434,06,S49C,15101.738804389264,0.9770599496228637
05269114,06,NA,43068.25940473618,1.0679501271587053
05269154,06,NA,28867.427037061236,0.6852880500145191
05269194,06,S49B,9251.260246358102,0.6474859516540327
05269374,06,NA,35410.97644763065,0.878074882
05269394,06,S49C,9886.820388673126,0.6396625154236953
05269474,06,S49E,16409.977601885817,1.1010324959763342
05269534,06,S49E,10475.60226301988,0.6852880500145191
05269794,06,S49B,27605.238243079228,1.146342588472001
05270164,06,S49B,19734.282372227004,0.9661560556422272
05270204,06,S49A,30176.50115,0.9230577731140261
05271324,06,NA,28416.40797933213,0.674581243
05271694,06,S49C,10007.741822970944,0.6474859516540327
05272074,06,NA,35076.68056602148,0.8326904228496188
05272424,06,S49A,24547.384370212705,0.7508708129792586
05272784,06,NA,62972.892494148735,1.4949226561025148
05273314,06,S49A,34769.14653065472,1.0787256326714132
05273784,06,S49A,42983.45171189558,1.3148048217605708
05273884,06,S49B,15592.200912888806,0.6474859516540327
05273954,06,S49E,8405.112749,0.6648730147766257
05273984,06,S49A,22663.814855114528,0.7211871380715825
05274844,06,NA,28228.999832835954,0.6541662077517475
05274914,06,S49B,23173.306558388205,1.305405382304179
05275054,06,NA,28402.756141405374,0.6581927586789109
05275104,06,S49B,12410.880917716986,0.6581927586789109
05275354,06,S49C,10527.29799309601,0.6648730147766257
05275854,06,S49B,23015.57880418879,1.223285116921355
05275894,06,NA,28691.02683779888,0.6648730147766257
05276244,06,S49C,12975.160683900971,0.8814048775452292
05276264,06,S49E,12667.998876548809,0.8170435503889442
05276304,06,NA,50054.00453923573,1.2475913591427323
05276444,06,S49A,44354.222814295936,1.4818982340015268
05276564,06,S49A,21404.062702704843,0.6648730147766257
05277264,06,S49A,23321.206101186643,0.7133637018412452
05277324,06,S49A,11223.499661332338,0.6541662077517475
05277374,06,NA,30705.02543485608,0.7318939450964608
05277504,06,S49A,30045.01341042748,0.9332863074948232
05277764,06,S49A,21167.53808354986,0.6474859516540327
05278174,06,S49C,19700.46701499601,1.225224915642684
05278254,06,S49B,22547.71838899516,0.9140144523895524
05278314,06,S49B,32627.765804512692,1.322628257990908
05278674,06,S49E,20074.35529465563,1.3148048217605708
05279474,06,S49A,23576.02598651757,0.7323405697240432
05279664,06,S49E,14605.945751774103,0.9420346409968241
05280074,06,S49A,22146.707922470097,0.6879417551850706
05280144,06,NA,26749.099455908232,0.6474859516540327
05280174,06,NA,28691.02683779888,0.6648730147766257
05280184,06,NA,37429.22357775933,0.8673680750982278
05280804,06,NA,26749.099455908232,0.6474859516540327
05280954,06,S49B,25273.929475550754,1.1019557229618338
05281034,06,S49E,13437.445561774453,0.9466235707530721
05281344,06,S49A,45680.69571893124,1.5262164010238641
05282074,06,S49A,27419.211821376313,0.8517212026375531
05282154,06,NA,30148.530927051754,0.6986485622099488
05282634,06,NA,28862.74185183677,0.6986485622099488
05283124,06,S49B,11010.638126122167,0.9505546327322014
05283664,06,NA,79277.40102970488,2.0640086038580754
05283764,06,S49A,47703.00679003129,1.4591695371605702
05283894,06,S49A,38792.99346670971,1.296094596238106
05284134,06,NA,56206.91286077729,1.4009520208163742
05284344,06,S49C,12017.49159297312,0.758989236
05284394,06,NA,49868.44901474752,1.2983385743047966
05284404,06,S49E,28128.024051050525,0.6471909644315597
05284654,06,S49C,12652.56248606626,0.8594907269627541
05285594,06,S49A,41770.64480176395,1.3955795150329617
05286194,06,S49B,11350.197124952634,0.9798689536395842
05286333,06,S49B,22784.272349190695,0.9234593413965931
05286343,06,S49A,44413.220363026325,1.3585394833952147
05286993,06,S49E,14917.009385239897,0.9768628626671053
05287023,06,S49C,12843.867005862163,0.811053952
05287143,06,S49A,22351.49674914025,0.8204671927938132
05287523,06,S49C,13849.011130930954,0.9344844943660968
05289263,06,S49B,16162.791334051866,0.7211871380715825
05289693,06,S49A,24400.92826647591,0.7578460562994465
05289763,06,S49B,18093.46193377849,0.733338163
05290043,06,S49E,10668.587739138653,0.6986485622099488
05290093,06,S49B,20104.286172140015,0.8326904228496188
05290253,06,S49E,10668.587739138653,0.6986485622099488
05290373,06,S49A,28409.59214720073,1.6576868462898329
05290493,06,S49C,18684.874607823032,1.2607922280593682
05290623,06,S49B,27230.16399166015,1.1793216271015892
05290923,06,NA,33511.695823213355,0.811053952
05291013,06,S49C,10816.028759140592,0.6830016897492741
05291123,06,NA,28273.15096080543,0.7211871380715825
05291233,06,S49A,26235.939837198523,0.8326904228496188
05291533,06,S49E,24719.848607991386,1.7298045440568204
05291673,06,S49E,19089.109052212454,1.3357859954627112
05291883,06,S49B,20659.649418355755,0.9218378886198897
05292023,06,S49A,37667.40078128124,1.2500854210344903
05292033,06,S49C,10248.929378955647,0.6471909644315597
05292073,06,NA,28695.50928545545,0.6648730147766257
05292113,06,NA,38065.17261979297,0.9424362092793912
05292273,06,S49C,11771.58491299428,0.7433423639713943
05292473,06,S49E,12283.044454489456,0.8043736957055562
05292553,06,S49E,15747.54716532381,1.1019557229618338
05292643,06,S49B,16162.791334051866,0.7211871380715825
05292793,06,S49A,24484.84466302743,0.8125898446583395
05292833,06,S49B,21399.273147664975,0.9267893368187164
05292993,06,NA,33084.75739081116,0.7665715973450697
05293673,06,NA,38156.140519606255,0.9234593413965931
05294073,06,S49E,7478.329097605233,0.9200665785092124
05294563,06,S49A,35509.067507912514,1.1784558181734215
05294943,06,S49A,36885.584359898414,1.128279424717052
05295473,06,S49C,19332.019063247466,1.3357859954627112
05295533,06,S49B,27154.075083852727,1.1760262633796772
05295623,06,NA,27195.669872328683,0.6581927586789109
05296323,06,S49E,13938.024099360473,0.912752534
05296413,06,NA,35938.40512359909,0.8326904228496188
05297043,06,S49C,11296.842204994125,0.7133637018412452
05297593,06,S49C,11768.167901062405,0.7318939450964608
05343963,06,S49E,11602.22969393244,0.758989236
05344793,06,NA,47369.135746665335,1.1245028046673462
05344833,06,S49A,33045.646701052094,1.0252534129130713
05344963,06,S49A,40171.79689,1.2783100909685707
05345253,06,S49B,15850.033049386853,0.6581927586789109
05345413,06,S49C,12810.218956445837,0.7967018968803283
05345673,06,S49A,20902.131494917696,0.6393675282012223
05346093,06,S49A,45249.80099,1.4398976820552991
05346283,06,S49C,10110.993913871875,0.6541662077517475
05346793,06,NA,29148.829588128017,0.6919683061122339
05346863,06,S49A,25592.59036461312,0.8143839472253942
05347153,06,S49E,15672.456235379377,1.0252534129130713
05347263,06,S49A,29125.009072567413,0.9267893368187164
05347423,06,NA,40475.696872543835,1.0036631667802407
05347903,06,S49B,12049.16707320311,0.7240705088661235
05348433,06,S49C,10798.52685255318,0.6986485622099488
05349083,06,S49A,44453.43278,1.4145563829157597
05349463,06,S49C,10592.02267075132,0.6852880500145191
05349553,06,S49A,37265.79212687586,1.1399094587274297
05349773,06,NA,61973.22596665535,1.4711914269766486
05350073,06,NA,28819.271127924927,0.6841448698818966
05350253,06,S49A,42857.59679601565,1.3109550925356976
05351073,06,S49A,23851.772478246538,0.758989236
05351683,06,S49B,32402.826556084536,1.311921451
05351963,06,S49A,28436.341422675097,0.9048751862362412
05352583,06,S49B,32411.45985284498,1.3459270467691584
05352743,06,S49A,28474.407318307327,0.8709930577428241
05353273,06,S49B,16663.386791159726,0.6919683061122339
05353283,06,S49E,14162.833118710945,0.9502596455097285
05353573,06,S49A,30325.932535987366,0.9276286741687448
05353593,06,S49E,15401.094493155497,1.0333411733979259
05354043,06,S49C,16390.431841195834,1.0604364647335343
05354233,06,S49C,10798.52685255318,0.6986485622099488
05354713,06,S49A,21535.660673984385,0.6852880500145191
05354723,06,S49B,12179.355900218732,0.7318939450964608
05354793,06,NA,52907.12733858424,1.311921451
05355033,06,S49B,16925.761682779907,0.6852880500145191
05355493,06,S49A,21059.38159245818,0.6541662077517475
05355513,06,S49A,37200.56568011499,1.1379142712007897
05355633,06,NA,31355.55067939645,0.758989236
05356173,06,S49C,10583.12197729142,0.6581927586789109
05356323,06,NA,41692.18588,0.9661560556422272
05356403,06,S49E,9885.773787,0.6474859516540327
05356413,06,S49A,21517.563817503433,0.6581927586789109
05356593,06,S49B,18070.317338278317,0.9583326194118899
05356813,06,NA,42208.934152713206,1.0520537170262065
05357113,06,S49B,25519.646269218814,1.4375800669791892
05357953,06,NA,27467.398099337184,0.6648730147766257
05357973,06,NA,41108.94552161793,1.0702825288175086
05358133,06,S49B,12037.735394529178,0.8594907269627541
05359073,06,NA,37472.27238377269,0.8683656688615478
05359213,06,S49E,8541.387833770665,0.7318939450964608
05359313,06,NA,29571.989534264747,0.6852880500145191
05359533,06,S49A,22491.38903271676,0.6986485622099488
05360193,06,S49C,10956.312556419098,0.6919683061122339
05360653,06,S49E,7759.236590852016,0.6648730147766257
05360833,06,S49E,10268.454880689018,0.9346127730490539
05361493,06,S49C,15207.033159170478,0.9457662047015143
05362113,06,NA,29793.86106110652,0.7211871380715825
05362623,06,S49E,12383.119473072822,0.811053952
05362693,06,S49C,18618.108663208284,1.264731295912182
05362703,06,S49C,10892.557973885972,0.6879417551850706
05362763,06,S49A,23845.830057697403,0.7967018968803283
05362823,06,S49E,17489.202329506337,1.232056426399692
05362903,06,S49B,19174.59239923657,0.7772784043699479
05363043,06,S49A,30130.296085243874,1.0066692577527192
05363103,06,NA,48355.49314586994,1.2052561222865568
05363703,06,S49A,25037.074623518474,0.7777250289975303
05363873,06,S49A,23951.239425986016,0.7326355569465162
05364013,06,S49A,33111.34072403087,1.1062675486346039
05364183,06,S49B,24683.232978101845,1.311921451
05364353,06,S49E,18035.905492669855,1.1632555703403293
05364523,06,NA,27603.127197636393,0.6396625154236953
05365323,06,S49B,16063.171158922769,0.9048751862362412
05365553,06,NA,28310.78907419816,0.6852880500145191
05365963,06,S49B,21446.07517333869,0.9350593976766362
05365973,06,S49B,27690.514335917956,1.2073200083010265
05366093,06,S49A,27690.208638745135,0.9251446351048321
05366143,06,S49B,25519.646269218814,1.4375800669791892
05366223,06,S49A,37112.061846648416,1.239933774535166
05366343,06,S49B,18530.42354211515,0.7511658002017316
05411712,06,S49B,23837.717284099104,0.9661560556422272
05411722,06,S49B,32889.461818143594,1.4244223295073861
05411902,06,NA,31420.90289591691,0.8125898446583395
05411962,06,S49B,21388.756253951593,0.9263338566310129
05412212,06,NA,29310.287393967737,0.6986485622099488
05412232,06,S49A,30264.796524908877,0.939966564
05412582,06,S49E,11995.577144136108,0.7855484652278677
05413172,06,NA,39393.83648197259,0.912752534
05413672,06,S49E,19356.708915847812,1.2676032839436924
05414022,06,S49C,22731.219112243984,1.413715522482508
05414172,06,S49C,15257.955149681653,0.9489331799554979
05414272,06,S49E,21781.950898553452,1.5242212134972244
05414602,06,S49E,16292.707566761297,1.0669525333953853
05414812,06,S49B,16714.908361914626,0.6774646137841818
05414892,06,NA,28407.19355204341,0.6581927586789109
05415192,06,S49C,11768.167901062405,0.7318939450964608
05415752,06,S49B,23527.708771073194,1.1270474844295493
05415982,06,S49C,13186.502604859756,0.8326904228496188
05416332,06,S49A,44850.53505608139,1.5242212134972244
05416422,06,NA,35938.40512359909,0.8326904228496188
05416442,06,S49C,13186.502604859756,0.8326904228496188
05416582,06,NA,27148.435154107523,0.6570495785462884
05416822,06,S49A,36042.22023283742,1.102482073024777
05416842,06,S49A,28633.09203628063,0.9502596455097285
05417002,06,S49E,20077.491545141067,1.3148048217605708
05417102,06,S49A,28633.09203628063,0.9502596455097285
05417132,06,S49C,10423.15401817313,0.6581927586789109
05417452,06,NA,27029.298018042336,0.6541662077517475
05417612,06,S49C,23849.95358977426,1.4832926220921374
05417682,06,NA,50862.95947113447,1.2592900916409397
05417772,06,S49A,23565.329006489203,0.7318939450964608
05418272,06,S49E,18324.961922583894,1.2823137757043692
05418472,06,S49C,20703.27976926092,1.2875925321725035
05418892,06,S49E,17864.40118983449,1.2500854210344903
05419322,06,NA,28233.410097231972,0.6541662077517475
05419452,06,S49C,22111.943852030665,1.492039285307974
05419662,06,NA,27471.68937740605,0.6648730147766257
05419722,06,NA,28233.410097231972,0.6541662077517475
05420042,06,S49A,29681.094209779243,0.9218378886198897
05420422,06,S49A,23933.94219040665,0.7433423639713943
05421402,06,S49E,11176.255404157662,0.7318939450964608
05421502,06,S49E,19400.738913145342,1.2704866547382332
05422642,06,S49A,27130.17805864909,0.9003817454280272
05422812,06,S49B,31674.729961861834,1.311921451
05422832,06,S49A,20902.131494917696,0.6393675282012223
05423062,06,S49A,22494.90290047174,0.6986485622099488
05423152,06,S49A,39691.36789771334,1.3172557522074957
05423642,06,S49E,11824.551210316453,0.793371901
05424202,06,S49C,14586.088227375381,0.9436981272972285
05424512,06,S49B,31850.39842019239,1.322628257990908
05424552,06,S49C,10110.993913871875,0.6541662077517475
05424582,06,S49C,11780.092323756897,0.7326355569465162
05424932,06,NA,32742.47613854854,0.7772784043699479
05425052,06,S49E,9533.640096208754,0.6396625154236953
05425112,06,S49A,22417.957849498376,0.7133637018412452
05425892,06,NA,38963.111264906955,0.9661560556422272
05425922,06,S49E,12150.359965623813,0.8152321401355438
05426002,06,S49E,19450.365407078327,1.3050282511870188
05426582,06,S49B,15947.49365096601,0.9583326194118899
05427672,06,S49C,18534.08267423884,1.1526843431565936
05427952,06,S49A,42285.44106473595,1.311921451
05428322,06,S49A,20338.432869172997,0.6471909644315597
05428432,06,S49E,8320.66308,0.6581927586789109
05428702,06,NA,28867.427037061236,0.6852880500145191
05428754,06,S49A,28969.40631799948,0.9218378886198897
05428802,06,S49B,20242.23735166139,0.8195650879785272
05428922,06,S49A,29911.506935515335,0.9518165507500387
05429302,06,NA,27726.05101910497,0.6581927586789109
05430042,06,S49C,12676.833625141562,0.8201722055713403
05430062,06,S49B,16077.68247798163,0.9661560556422272
05430082,06,S49E,9909.381712578663,0.6648730147766257
05430142,06,S49A,23851.772478246538,0.758989236
05430192,06,S49A,24291.621470760063,0.7430473767489213
05430452,06,NA,43205.32182668708,1.0713488210686581
05430472,06,NA,43144.30896200922,1.0698359041899261
05430522,06,S49A,52888.090924349075,0.7211871380715825
05430702,06,S49E,16121.291678915677,1.0816630251560622
05431002,06,S49A,26110.959436733574,0.8308790125962184
05431082,06,S49C,16493.683932096763,1.067116720831249
05431212,06,S49E,20813.56648,1.3964926467957788
05431752,06,S49C,12462.98847001786,0.8063367433640659
05432492,06,S49A,33640.934380449406,1.0290300329627768
05432532,06,NA,44068.610769998326,1.050432264249503
05433122,06,NA,53437.75216478534,1.325079188437833
05433212,06,NA,33871.42596269999,0.8040787084830832
05433222,06,S49A,20557.634813900997,0.6541662077517475
05433562,06,NA,28867.427037061236,0.6852880500145191
05433572,06,S49B,34674.380031345165,1.4398976820552991
05433592,06,S49C,19757.28690185234,1.2782669595237377
05433702,06,S49B,23523.972960549632,0.9768628626671053
05433932,06,S49E,16061.62007332768,1.0776593404202635
05434132,06,NA,56206.06100875867,1.3342838590442825
05434152,06,NA,26111.793254755863,0.6474859516540327
05434202,06,S49B,19767.57808008678,0.8003471447783927
05434532,06,S49A,26839.016752603835,0.8326904228496188
05434634,06,S49C,20861.74191044263,1.3497235493265163
05435132,06,S49C,30591.711455705434,2.0781001751269583
05435462,06,S49A,28307.426253076137,0.9457662047015143
05435992,06,S49A,21404.062702704843,0.6648730147766257
05436272,06,S49A,22276.33349999424,0.6919683061122339
05436682,06,S49A,15925.384357608751,0.6471909644315597
05436832,06,S49A,29244.069339010097,0.9770599496228637
05436902,06,S49E,5893.191712477977,0.8326904228496188
05437032,06,S49E,10564.927508356493,0.6919683061122339
05437382,06,S49A,29678.103377894033,0.9078124689359185
05437502,06,S49A,22491.38903271676,0.6986485622099488
05437582,06,NA,58209.864834499625,1.5155095939989862
05438042,06,NA,40273.76942750536,0.9332863074948232
05438162,06,S49A,38208.53287440957,1.1687466049118633
05438182,06,S49B,17234.88178157647,0.6986485622099488
05438292,06,NA,29860.260230658252,0.6919683061122339
05438392,06,NA,65153.45256,1.5530167051369994
05438492,06,S49C,16263.092284261516,1.1047546317558719
05438842,06,NA,28862.74185183677,0.6986485622099488
05440322,06,S49C,22611.76454023408,1.4062863220578399
05440382,06,S49E,18840.509178284196,1.2339919239462331
05440392,06,S49C,11295.077555920825,0.7133637018412452
05440652,06,S49A,30021.13891682213,0.9325446956447678
05440674,06,NA,55162.45705855615,1.2783100909685707
05441252,06,NA,34400.31228459474,0.8326904228496188
05441282,06,S49A,21735.95400032519,0.6648730147766257
05441352,06,NA,31583.157015689558,0.7318939450964608
05441502,06,S49B,24050.849820621464,1.2783100909685707
05441542,06,S49E,16119.563742053475,1.135569920513181
05441592,06,S49C,11769.746105650507,0.7433423639713943
05441692,06,S49B,15519.514519467783,0.8248669866192815
05442272,06,NA,37384.65426916772,0.9049290981413777
05442342,06,NA,29860.260230658252,0.6919683061122339
05442672,06,S49A,21931.652389747578,0.6812614990873558
05442842,06,S49E,19092.318652092315,1.3449906660691606
05443032,06,NA,28310.78907419816,0.6852880500145191
05443342,06,S49A,49121.28160518675,1.6411682100121454
05443522,06,NA,41714.774735305495,1.039736839987655
05444342,06,NA,33957.99002998509,0.8219836158247407
05444902,06,S49A,15932.643088271952,0.6474859516540327
05445052,06,NA,28586.765463017466,0.6919683061122339
05445092,06,S49E,12713.463718787802,0.8326904228496188
05445262,06,S49A,16360.485376398616,0.6648730147766257
05445532,06,S49B,11422.89849189323,0.9861453038710384
05445572,06,S49E,11950.82227,1.3786797966641036
05445782,06,S49B,17436.541623017853,0.9247212594144305
05538271,06,S49A,42155.61622,1.3990378989230137
05538921,06,S49C,14623.921059564549,0.9234593413965931
05539541,06,S49A,25060.67265,0.7665715973450697
05540311,06,S49A,43316.963486603396,1.4375800669791892
05540331,06,S49E,13408.485221571374,0.878074882
05540701,06,S49C,10528.942690669433,0.6648730147766257
05540891,06,S49A,33476.595145027946,1.2288415559460273
05540961,06,S49B,23837.717284099104,0.9661560556422272
05541111,06,NA,52796.23123698217,1.223285116921355
05541261,06,S49A,21405.457597178072,0.7318939450964608
05541351,06,S49A,42240.90229167096,1.311921451
05541361,06,S49A,26235.939837198523,0.8326904228496188
05541511,06,S49A,21719.989677687798,0.674581243
05541531,06,NA,50270.642674975694,1.331292554654497
05541801,06,S49B,16046.39328009465,0.6503693224485736
05542011,06,S49E,10207.419256910427,0.6583443960840203
05542141,06,S49E,16308.990191606284,1.068018825646535
05542263,06,NA,39448.30009,0.9140144523895524
05542341,06,NA,39448.30009,0.9140144523895524
05542401,06,S49B,17793.66284140439,0.7211871380715825
05543511,06,NA,34726.90385221633,0.859785714
05543821,06,NA,31125.99211751267,0.7211871380715825
05543841,06,NA,29798.515806419346,0.7211871380715825
05544681,06,S49E,21810.463214452113,1.5262164010238641
05544731,06,S49A,34479.247390377415,1.1442787024575314
05544771,06,S49A,18936.80522397576,0.6474859516540327
05544801,06,S49A,21407.406695627968,0.6648730147766257
05545461,06,S49A,20838.08468294774,0.6471909644315597
05545881,06,S49A,21192.317564415785,0.6581927586789109
05546171,06,S49A,24681.87095,0.7665715973450697
05546201,06,S49E,13962.718573373983,0.9770599496228637
05546311,06,S49C,19487.157116530925,1.3149275419385087
05546381,06,S49C,11018.78883845614,0.6852880500145191
05546511,06,S49B,29345.827439996327,1.2154616806910177
05546521,06,S49A,24083.503198652754,0.7479874421847178
05546821,06,NA,29576.60961621362,0.6852880500145191
05546871,06,S49A,22494.90290047174,0.6986485622099488
05547041,06,NA,31588.091305736143,0.7318939450964608
05547121,06,NA,39004.569354056206,0.9439931145197014
05547201,06,S49A,25031.18114166663,0.7656694925297838
05547761,06,S49C,14479.977141935116,0.9770599496228637
05547821,06,S49E,16623.163217648456,1.1632281300133323
05548151,06,NA,29864.92534962566,0.6919683061122339
05548431,06,S49A,24006.111220914994,0.7967018968803283
05548511,06,S49C,11707.820369974876,0.739315813
05548881,06,S49A,20586.187738090674,0.6393675282012223
05549251,06,S49E,10301.07205151522,0.674581243
05549361,06,S49E,13579.727638010208,0.9502596455097285
05549421,06,S49A,44522.54888934984,1.3618836930349993
05549591,06,S49C,12893.057292834457,0.8141601795944033
05549811,06,NA,33148.92961056975,0.8219836158247407
05549911,06,S49A,21742.891217161283,0.674581243
05550031,06,NA,54016.846431190665,1.2823137757043692
05550101,06,S49B,19734.282372227004,0.9661560556422272
05550291,06,S49E,18892.577261443523,1.2676032839436924
05550341,06,S49B,23266.14082405159,0.9661560556422272
05550761,06,S49E,30088.701706497643,2.018810698241622
05551571,06,S49A,28436.341422675097,0.9048751862362412
05551771,06,S49E,13303.030770487625,0.8702514458927687
05551781,06,NA,26543.57703436993,0.6581927586789109
05552651,06,S49A,35969.61541,1.1002611909476576
05552691,06,S49E,11584.690963030898,0.7772784043699479
05553471,06,NA,53437.75216478534,1.325079188437833
05553621,06,S49B,17178.61234619348,0.7133637018412452
05553921,06,NA,49728.82049,1.1805197041878912
05553991,06,S49A,27559.11958465014,0.8429956615919298
05554181,06,S49A,33069.372534405076,1.0523032546980307
05554261,06,NA,27556.43451244264,0.6541662077517475
05554641,06,S49B,13361.713759130394,0.6541662077517475
05554691,06,S49E,20837.05550617114,1.3980686500218333
05555311,06,S49E,8181.581903619817,0.6471909644315597
05555701,06,NA,26543.57703436993,0.6581927586789109
05555881,06,NA,28007.45357017175,0.6648730147766257
05556101,06,NA,46537.25353,1.1047546317558719
05556421,06,S49C,10417.416145170777,0.6739912685446949
05556571,06,S49A,30698.60496614536,0.9768628626671053
05556971,06,S49E,13739.230367953875,0.9218378886198897
05557031,06,S49C,11470.218976445785,0.7133637018412452
05557161,06,NA,38502.41590323349,0.9140144523895524
05557231,06,S49B,19574.484274612263,0.9583326194118899
05557461,06,S49C,12704.831338613498,0.8219836158247407
05557751,06,NA,53672.42587442522,1.330898318848828
05557771,06,S49E,10412.778277982285,0.6986485622099488
05557831,06,S49B,13443.958332891283,0.6581927586789109
05557921,06,S49A,31547.01703626716,1.0038602537359989
05557933,06,S49A,34629.73639618902,1.1019557229618338
05558221,06,S49A,41227.32175,1.2610872152818413
05558351,06,S49B,16502.518597866823,0.6852880500145191
05558531,06,NA,25784.393727070645,0.6393675282012223
05558801,06,S49A,49595.62421496565,1.5781864843637774
05559511,06,S49C,23061.41765539152,1.492039285307974
05559571,06,S49A,31536.841094397038,0.9646687058064918
05560051,06,S49E,9809.818027275121,0.6581927586789109
05560251,06,S49B,19734.282372227004,0.9661560556422272
05560371,06,S49B,34618.56921442607,1.4375800669791892
05560831,06,S49C,14152.349899388159,0.9156359051662558
05560994,06,S49A,30362.13599811838,0.9661560556422272
05561351,06,S49B,21235.63674610924,0.859785714
05561391,06,S49A,20648.246776311833,0.6570495785462884
05561771,06,S49A,49972.90843607992,1.528602714587804
05561861,06,S49C,20020.982989192278,1.3600287880688275
05561951,06,S49E,7759.236590852016,0.6648730147766257
05562031,06,S49E,10151.238346223003,0.6648730147766257
05562481,06,S49E,11584.518031344292,0.7587481611147324
05563081,06,S49B,14853.531256629993,1.2823137757043692
05563111,06,S49A,40807.58215281263,1.2676032839436924
05563481,06,S49C,10527.29799309601,0.6648730147766257
05563601,06,S49B,12893.397377687572,0.6852880500145191
05564231,06,S49A,24770.838970658402,0.7694549681396106
05564801,06,NA,31189.20481360611,0.7549626855049056
05564831,06,NA,33358.96176788988,0.8314689870411645
05565001,06,S49A,29733.603124411773,0.9934155344136992
05565211,06,S49A,10226.272191367449,0.6852880500145191
05565273,06,S49A,18635.36035,0.758989236
05565831,06,S49C,15173.804375926833,0.9583326194118899
05565901,06,S49B,16401.676650115223,0.6648730147766257
05566351,06,NA,39387.68287764847,0.912752534
05566391,06,S49A,33573.32502598678,1.026961955558491
05566591,06,S49B,16236.882173546657,0.6581927586789109
05567011,06,S49B,28133.05761477275,1.226615112343478
05567341,06,S49A,46594.54429100941,1.4252631899406376
05567651,06,S49E,13489.060119145175,0.9502596455097285
05567901,06,S49A,26554.701891340763,0.8248669866192815
05568041,06,NA,35595.18934402706,0.8248669866192815
05568051,06,S49C,21162.61532041605,1.4375800669791892
05568341,06,S49A,21193.88878865973,0.6583443960840203
05568841,06,S49A,29676.45780657547,0.9218378886198897
05569211,06,S49E,14631.760679712155,0.9583326194118899
05569381,06,S49E,14631.760679712155,0.9583326194118899
05569851,06,NA,50536.65669791348,1.223285116921355
05570151,06,S49A,22061.277967271722,0.6852880500145191
05570201,06,S49C,13903.03973679571,0.878074882
05570251,06,S49A,45680.69571893124,1.5262164010238641
05570671,06,S49B,32726.08271928135,1.426873259954311
05570861,06,S49B,25724.92694526373,1.1216194338728056
05570941,06,S49A,31123.29245,1.2676032839436924
05570961,06,S49A,21404.062702704843,0.6648730147766257
05571041,06,NA,39779.73991,0.9218378886198897
05571071,06,NA,30148.530927051754,0.6986485622099488
05571091,06,S49E,7556.325157555835,0.6474859516540327
05571281,06,S49A,52214.28510991693,1.5971633522465756
05571591,06,S49C,24171.033050221977,1.5032614154482644
05571801,06,S49A,26806.559488059454,0.8326904228496188
05571841,06,S49B,23903.655261815715,1.2704866547382332
05571851,06,NA,41692.18588,0.9661560556422272
05571971,06,NA,40948.97330511747,0.9489331799554979
05572063,06,NA,27844.093649693492,0.6739912685446949
05572381,06,S49E,14751.208399946841,0.9661560556422272
05572531,06,S49A,40303.86695937525,1.2519564114830177
05572951,06,NA,64395.64849620531,1.6050554869647424
05573231,06,S49A,33302.961124320485,1.0186918947005712
05573311,06,S49C,22836.929355159762,1.5513165048328326
05573421,06,S49A,30851.322011964734,0.9583326194118899
05573461,06,S49C,17032.923470533107,1.1570493954968792
